TimeStamp,Forklift_ID,Plate_ID,Speed(mph)

20250320_161117,2,NotFound,7.9
20250320_161135,1,03,5.7
20250320_161411,15,NotFound,6.7
20250320_161419,22,NotFound,6.3
20250320_161452,27,NotFound,5.6
20250320_162152,6,NotFound,5.9
20250320_162210,7,NotFound,6.1
20250320_162239,17,NotFound,5.1
20250327_095154,2,NotFound,7.9
20250327_095213,1,03,5.7
20250327_095759,2,NotFound,7.9
20250327_095818,1,03,5.7
20250328_053951,2,NotFound,7.9
20250328_054009,1,03,5.7
20250328_054139,2,NotFound,7.9
20250328_054158,1,03,5.7
20250402_062707,2,NotFound,7.9
20250402_062726,1,03,5.7
20250402_063038,6,NotFound,5.2
20250402_063223,10,NotFound,6.6
20250402_063240,11,NotFound,7.0
20250402_063445,18,NotFound,7.4
20250402_063518,21,NotFound,5.9
20250402_063659,24,NotFound,5.7
20250402_064122,37,NotFound,6.2
20250402_064306,43,NotFound,5.3
20250402_064352,47,NotFound,7.7
20250402_064440,51,NotFound,9.3
20250402_064557,56,NotFound,5.4
20250402_064622,65,NotFound,6.2
20250402_064656,74,NotFound,6.1
20250402_064708,76,NotFound,5.2
20250402_064758,79,NotFound,6.2
20250402_064801,80,NotFound,5.9
20250402_064920,81,NotFound,5.5
20250402_064958,85,NotFound,7.4
20250402_065052,90,NotFound,7.1
20250402_065211,91,NotFound,6.4
20250402_065311,94,NotFound,5.6
20250402_065338,100,NotFound,6.1
20250402_065403,101,NotFound,6.1
20250402_065413,102,NotFound,6.1
20250402_065459,108,NotFound,7.3
20250402_065529,112,NotFound,8.0
20250402_065552,117,NotFound,5.8
20250402_065558,118,NotFound,5.7
20250402_065610,126,NotFound,6.6
20250402_065630,128,NotFound,5.9
20250402_065703,131,NotFound,6.4
20250402_065724,132,NotFound,6.2
20250402_065821,139,NotFound,5.5
20250402_065836,141,NotFound,6.5
20250402_065927,154,NotFound,5.5
20250402_070008,156,NotFound,6.2
20250402_070019,158,NotFound,6.7
20250402_070140,160,NotFound,5.3
20250402_070219,167,NotFound,5.6
20250402_070226,168,NotFound,7.1
20250402_070341,169,NotFound,6.9
20250402_070420,173,NotFound,5.5
20250402_070444,175,NotFound,6.0
20250402_070445,176,NotFound,7.0
20250402_070701,192,NotFound,6.8
20250402_070710,194,NotFound,5.7
20250402_070800,202,NotFound,5.5
20250402_070820,203,NotFound,7.1
20250402_070840,205,NotFound,7.8
20250402_070940,206,NotFound,5.7
20250402_070949,207,NotFound,6.2
20250402_071150,213,NotFound,6.1
20250402_071205,215,NotFound,6.2
20250402_071219,218,NotFound,7.0
20250402_071225,219,NotFound,6.8
20250402_071344,224,NotFound,6.2
20250402_071345,223,NotFound,5.7
20250402_071508,236,NotFound,7.4
20250402_071602,242,NotFound,5.9
20250402_071801,245,NotFound,5.6
20250402_071802,248,NotFound,6.6
20250402_071822,249,NotFound,5.3
20250402_071917,251,NotFound,7.1
20250402_072137,252,NotFound,8.9
20250402_072140,253,NotFound,6.2
20250402_072241,256,NotFound,5.4
20250402_072253,260,NotFound,5.9
20250402_072333,261,NotFound,5.6
20250402_072448,273,NotFound,6.7
20250402_072500,274,NotFound,5.2
20250402_072527,281,NotFound,6.9
20250402_072845,293,NotFound,6.7
20250402_072905,296,NotFound,5.5
20250402_072910,297,NotFound,6.3
20250402_072943,300,NotFound,7.9
20250402_073005,301,NotFound,5.5
20250402_073016,302,NotFound,6.6
20250402_073147,306,NotFound,6.1
20250402_073217,308,NotFound,6.1
20250402_073237,310,NotFound,6.5
20250402_073324,318,NotFound,5.5
20250402_073328,322,NotFound,6.8
20250402_073415,328,NotFound,6.8
20250402_073515,329,NotFound,5.8
20250402_073645,339,NotFound,5.4
20250402_073730,345,NotFound,7.4
20250402_073825,346,NotFound,6.5
20250402_073831,347,NotFound,5.2
20250402_073852,350,NotFound,5.7
20250402_073855,349,NotFound,6.5
20250402_074001,359,NotFound,5.3
20250402_074004,358,NotFound,6.0
20250402_074126,372,NotFound,6.5
20250402_074133,375,NotFound,7.8
20250402_074158,383,NotFound,6.5
20250402_074204,387,NotFound,6.7
20250402_074225,390,NotFound,5.6
20250402_074306,391,NotFound,5.2
20250402_074347,395,NotFound,5.4
20250402_074415,399,NotFound,9.6
20250402_074427,400,NotFound,5.3
20250402_074442,401,NotFound,5.2
20250402_074514,409,NotFound,6.6
20250402_074632,411,NotFound,7.4
20250402_074733,413,NotFound,7.3
20250402_074824,415,NotFound,5.6
20250402_074850,418,NotFound,7.2
20250402_075027,421,NotFound,5.5
20250402_075055,422,03,6.2
20250402_075105,427,NotFound,7.5
20250402_075240,435,NotFound,6.2
20250402_075243,434,NotFound,5.3
20250402_075327,437,NotFound,6.6
20250402_075350,438,NotFound,5.3
20250402_075531,448,NotFound,6.1
20250402_075552,449,NotFound,5.6
20250402_075644,456,NotFound,5.6
20250402_075701,459,NotFound,5.8
20250402_075705,458,NotFound,6.0
20250402_075815,467,NotFound,7.3
20250402_080025,480,NotFound,6.6
20250402_080136,488,NotFound,5.7
20250402_080257,506,NotFound,6.0
20250402_080318,507,NotFound,5.3
20250402_080427,509,NotFound,7.3
20250402_080510,513,NotFound,6.7
20250402_080527,514,NotFound,6.0
20250402_080546,518,NotFound,6.7
20250402_080742,526,NotFound,5.2
20250402_080749,532,NotFound,7.6
20250402_080759,535,NotFound,5.6
20250402_080809,545,NotFound,5.1
20250402_080823,547,NotFound,7.5
20250402_080904,556,NotFound,6.4
20250402_081019,559,NotFound,6.0
20250402_081047,562,NotFound,6.5
20250402_081059,563,NotFound,5.7
20250402_081117,571,NotFound,5.6
20250402_081153,572,NotFound,5.5
20250402_081208,576,NotFound,6.4
20250402_081316,579,NotFound,6.0
20250402_081324,584,NotFound,5.8
20250402_081329,585,NotFound,7.4
20250402_081333,588,NotFound,6.1
20250402_081520,624,NotFound,6.9
20250402_081540,625,NotFound,5.9
20250402_081545,629,NotFound,7.2
20250402_081548,630,NotFound,6.6
20250402_081701,635,NotFound,5.9
20250402_081702,632,NotFound,7.6
20250402_081706,637,NotFound,7.8
20250402_081829,643,NotFound,5.8
20250402_081838,646,NotFound,6.3
20250402_081900,652,NotFound,6.9
20250402_081933,655,NotFound,5.2
20250402_081934,662,NotFound,6.0
20250402_081952,664,NotFound,5.1
20250402_082006,665,NotFound,8.5
20250402_082010,671,NotFound,8.7
20250402_082040,683,NotFound,5.6
20250402_082102,689,NotFound,5.6
20250402_082104,694,NotFound,7.4
20250402_082151,707,NotFound,6.7
20250402_082152,708,NotFound,7.6
20250402_082205,714,NotFound,5.1
20250402_082218,715,NotFound,5.2
20250402_082222,716,NotFound,5.4
20250402_082310,720,NotFound,5.9
20250402_082315,721,NotFound,7.6
20250402_082326,729,NotFound,8.0
20250402_082344,731,NotFound,5.7
20250402_082424,735,NotFound,7.8
20250402_082445,743,NotFound,6.8
20250402_082506,745,NotFound,5.8
20250402_082605,750,NotFound,6.0
20250402_082723,755,NotFound,10.2
20250402_082724,759,NotFound,5.1
20250402_082727,761,NotFound,7.0
20250402_082801,768,NotFound,5.3
20250402_082832,771,NotFound,6.4
20250402_082845,775,NotFound,6.5
20250402_082925,780,NotFound,5.7
20250402_082932,778,NotFound,6.2
20250402_083050,786,NotFound,6.1
20250402_083107,788,NotFound,6.3
20250402_083212,802,NotFound,5.3
20250402_083212,801,NotFound,6.0
20250402_083313,823,NotFound,6.6
20250402_083452,832,NotFound,6.0
20250402_083526,833,NotFound,5.4
20250402_083707,846,NotFound,5.0
20250402_083716,847,NotFound,7.1
20250402_083740,848,NotFound,5.6
20250402_083754,849,NotFound,5.5
20250402_083805,850,NotFound,5.6
20250402_083820,853,NotFound,5.8
20250402_083922,862,NotFound,5.7
20250402_084014,871,NotFound,5.1
20250402_084021,873,NotFound,7.0
20250402_084022,872,NotFound,6.9
20250402_084032,875,NotFound,6.3
20250402_084040,876,NotFound,7.9
20250402_084141,883,NotFound,5.7
20250402_084226,889,NotFound,6.0
20250402_084250,890,NotFound,5.4
20250402_084301,892,NotFound,5.8
20250402_084337,893,NotFound,7.1
20250402_084551,907,NotFound,6.8
20250402_084652,908,NotFound,5.7
20250402_084709,909,NotFound,5.9
20250402_084734,911,NotFound,6.5
20250402_084806,917,NotFound,6.4
20250402_084847,921,NotFound,6.9
20250402_084927,929,NotFound,5.4
20250402_085004,932,NotFound,7.3
20250402_085017,937,NotFound,5.1
20250402_085035,942,NotFound,5.0
20250402_085043,936,NotFound,7.2
20250402_085056,948,NotFound,5.6
20250402_085134,951,NotFound,5.9
20250402_085135,954,NotFound,5.2
20250402_085141,956,NotFound,5.4
20250402_085240,957,NotFound,6.0
20250402_085253,960,NotFound,6.2
20250402_085322,961,NotFound,5.5
20250402_085347,963,NotFound,6.2
20250402_085507,972,NotFound,6.6
20250402_085537,958,NotFound,5.6
20250402_085542,975,NotFound,5.3
20250402_085608,978,NotFound,5.3
20250402_085636,979,NotFound,7.4
20250402_085650,980,NotFound,7.2
20250402_085717,981,NotFound,5.8
20250402_085724,983,NotFound,6.7
20250402_085744,986,NotFound,7.1
20250402_085814,989,NotFound,6.7
20250402_085855,990,NotFound,6.5
20250402_085941,995,NotFound,7.3
20250402_085946,997,NotFound,6.3
20250402_090118,1003,NotFound,5.3
20250402_090251,1009,NotFound,5.2
20250402_090415,1012,NotFound,6.0
20250402_090453,1016,NotFound,6.8
20250402_090506,1019,NotFound,5.8
20250402_090554,1021,NotFound,6.0
20250402_090630,1026,NotFound,8.5
20250402_090641,1027,NotFound,6.7
20250402_090646,1029,NotFound,6.4
20250402_090754,1034,NotFound,7.2
20250402_090826,1037,NotFound,5.6
20250402_090916,1039,NotFound,6.1
20250402_090918,1040,NotFound,6.9
20250402_090926,1042,NotFound,6.5
20250402_090954,1053,NotFound,6.6
20250402_091006,1056,NotFound,7.4
20250402_091013,1057,NotFound,6.4
20250402_091136,1064,NotFound,5.5
20250402_091148,1068,NotFound,6.7
20250402_091216,1070,NotFound,5.7
20250402_091400,1074,NotFound,6.9
20250402_091408,1075,NotFound,7.3
20250402_091429,1076,NotFound,6.8
20250402_091656,1097,NotFound,5.2
20250402_091729,1101,NotFound,5.4
20250402_091731,1102,NotFound,6.3
20250402_091759,1103,NotFound,7.0
20250402_091805,1104,NotFound,6.2
20250402_091934,1112,NotFound,6.7
20250402_091941,1113,NotFound,6.0
20250402_091950,1114,NotFound,6.2
20250402_091953,1116,NotFound,6.9
20250402_092047,1118,NotFound,6.0
20250402_092058,1120,NotFound,8.4
20250402_092119,1121,NotFound,5.4
20250402_092158,1127,NotFound,5.5
20250402_092301,1130,NotFound,5.8
20250402_092343,1133,NotFound,6.1
20250402_092519,1143,NotFound,6.3
20250402_092537,1144,NotFound,7.6
20250402_092549,1147,NotFound,6.0
20250402_092727,1151,NotFound,6.1
20250402_092746,1152,NotFound,6.8
20250402_092759,1156,NotFound,7.3
20250402_092906,1168,NotFound,5.7
20250402_092926,1169,NotFound,6.1
20250402_093003,1177,NotFound,5.3
20250402_093048,1180,NotFound,5.9
20250402_093050,1178,NotFound,7.7
20250402_093111,1183,NotFound,5.0
20250402_093233,1190,NotFound,6.3
20250402_093311,1197,NotFound,5.1
20250402_093431,1200,NotFound,5.8
20250402_093435,1203,NotFound,6.3
20250402_093539,1205,NotFound,6.1
20250402_093606,1214,NotFound,5.7
20250402_093743,1216,NotFound,5.0
20250402_093818,1226,NotFound,6.5
20250402_093840,1239,NotFound,6.4
20250402_093847,1229,NotFound,6.9
20250402_093854,1247,NotFound,5.0
20250402_093856,1246,NotFound,5.6
20250402_093929,1255,NotFound,5.1
20250402_093952,1256,NotFound,6.2
20250402_094011,1257,NotFound,7.0
20250402_094014,1258,NotFound,6.6
20250402_094032,1260,NotFound,5.7
20250402_094149,1264,NotFound,6.0
20250402_094152,1265,NotFound,6.2
20250402_094154,1266,NotFound,6.6
20250402_094157,1268,NotFound,6.7
20250402_094257,1270,NotFound,5.4
20250402_094305,1271,NotFound,7.9
20250402_094316,1276,NotFound,6.1
20250402_094352,1281,NotFound,7.2
20250402_094356,1284,NotFound,6.9
20250402_094449,1285,NotFound,6.7
20250402_094508,1287,NotFound,6.0
20250402_094558,1292,NotFound,7.8
20250402_094604,1296,NotFound,7.6
20250402_094630,1297,NotFound,7.3
20250402_094717,1299,NotFound,5.7
20250402_094913,1314,NotFound,7.4
20250402_094925,1316,NotFound,5.1
20250402_094954,1317,NotFound,6.0
20250402_095022,1320,NotFound,6.0
20250402_095049,1324,NotFound,6.6
20250402_095105,1325,NotFound,6.4
20250402_095202,1333,NotFound,8.6
20250402_095231,1334,NotFound,6.5
20250402_095253,1338,NotFound,9.0
20250402_095351,1339,NotFound,6.4
20250402_095406,1340,NotFound,5.6
20250402_095425,1341,NotFound,7.4
20250402_095500,1342,NotFound,5.7
20250402_095615,1346,NotFound,5.4
20250402_095640,1349,NotFound,5.3
20250402_095950,1357,NotFound,6.6
20250402_100045,1359,NotFound,5.9
20250402_100055,1364,NotFound,5.5
20250402_100116,1368,NotFound,6.2
20250402_100141,1371,NotFound,5.7
20250402_100433,1382,NotFound,8.9
20250402_100537,1393,NotFound,7.1
20250402_100824,1395,NotFound,6.0
20250402_101036,1399,NotFound,5.1
20250402_101346,1404,NotFound,6.0
20250402_101500,1410,NotFound,8.3
20250402_101549,1412,NotFound,5.7
20250402_101653,1422,NotFound,5.7
20250402_101843,1433,NotFound,6.9
20250402_102013,1443,NotFound,7.0
20250402_102021,1447,NotFound,5.1
20250402_102035,1449,NotFound,6.5
20250402_102136,1455,NotFound,5.4
20250402_102203,1457,NotFound,6.0
20250402_102358,1471,NotFound,5.8
20250402_102410,1473,NotFound,5.6
20250402_102417,1474,NotFound,7.3
20250402_102558,1495,NotFound,6.6
20250402_102621,1502,NotFound,5.0
20250402_102915,1526,NotFound,5.4
20250402_102932,1535,NotFound,5.4
20250402_102954,1546,NotFound,6.0
20250402_103055,1557,NotFound,5.9
20250402_103224,1561,NotFound,6.7
20250402_103228,1563,NotFound,7.4
20250402_103304,1567,NotFound,5.4
20250402_103333,1570,NotFound,5.3
20250402_103427,1578,NotFound,7.1
20250402_103452,1579,NotFound,5.9
20250402_103455,1581,NotFound,5.5
20250402_103512,1586,NotFound,6.8
20250402_103546,1591,NotFound,6.0
20250402_103646,1594,NotFound,7.3
20250402_103808,1602,NotFound,6.3
20250402_103901,1605,NotFound,5.6
20250402_104051,1615,NotFound,5.6
20250402_104156,1616,NotFound,6.8
20250402_104213,1623,NotFound,6.7
20250402_104310,1630,NotFound,6.4
20250402_104320,1631,NotFound,5.2
20250402_104454,1633,NotFound,5.2
20250402_104514,1640,NotFound,6.7
20250402_104626,1646,NotFound,7.9
20250402_104633,1653,NotFound,5.6
20250402_104636,1655,NotFound,6.1
20250402_104658,1663,NotFound,8.1
20250402_104713,1665,NotFound,7.3
20250402_104757,1669,NotFound,6.8
20250402_104906,1678,NotFound,5.3
20250402_105030,1679,NotFound,5.4
20250402_105126,1687,NotFound,5.9
20250402_105153,1689,NotFound,5.7
20250402_105300,1707,NotFound,5.2
20250402_105313,1709,NotFound,6.2
20250402_105402,1716,NotFound,6.0
20250402_105516,1719,NotFound,5.3
20250402_105632,1732,NotFound,6.5
20250402_105856,1752,NotFound,5.8
20250402_105943,1758,NotFound,6.1
20250402_110025,1761,NotFound,7.1
20250402_110146,1765,NotFound,5.1
20250402_110237,1769,NotFound,6.1
20250402_110305,1778,NotFound,6.3
20250402_110425,1784,NotFound,5.8
20250402_110502,1786,NotFound,5.7
20250402_110531,1788,NotFound,5.8
20250402_110627,1792,NotFound,6.2
20250402_110731,1798,NotFound,6.3
20250402_110804,1799,NotFound,5.0
20250402_110828,1806,NotFound,5.3
20250402_110857,1816,NotFound,6.3
20250402_110951,1819,NotFound,5.2
20250402_111013,1830,NotFound,6.8
20250402_111124,1831,NotFound,6.1
20250402_111156,1833,NotFound,6.4
20250402_111209,1835,NotFound,6.4
20250402_111212,1837,NotFound,7.1
20250402_111242,1841,NotFound,6.5
20250402_111304,1842,NotFound,5.9
20250402_111309,1848,NotFound,6.4
20250402_111312,1846,NotFound,6.3
20250402_111350,1850,NotFound,6.9
20250402_111409,1851,NotFound,6.0
20250402_111426,1855,NotFound,7.1
20250402_111437,1856,NotFound,6.4
20250402_111537,1861,NotFound,5.6
20250402_111718,1867,NotFound,5.9
20250402_111814,1873,NotFound,5.5
20250402_111929,1878,NotFound,5.6
20250402_111940,1881,NotFound,5.6
20250402_112057,1892,NotFound,6.2
20250402_112106,1893,NotFound,5.1
20250402_112135,1895,NotFound,6.3
20250402_112217,1900,NotFound,5.6
20250402_112326,1910,NotFound,6.9
20250402_112401,1912,NotFound,5.4
20250402_112440,1927,NotFound,7.5
20250402_112526,1933,NotFound,7.3
20250402_112624,1935,NotFound,5.1
20250402_112644,1939,NotFound,6.6
20250402_112654,1945,NotFound,6.5
20250402_112807,1947,NotFound,5.2
20250402_112824,1949,NotFound,7.3
20250402_112907,1953,NotFound,6.0
20250402_112928,1959,NotFound,5.4
20250402_113019,1977,NotFound,5.5
20250402_113034,1983,NotFound,6.9
20250402_113049,1987,NotFound,5.2
20250402_113105,1989,NotFound,6.1
20250402_113115,1991,NotFound,5.8
20250402_113330,2014,NotFound,6.4
20250402_113513,2026,NotFound,6.3
20250402_113628,2027,NotFound,6.2
20250402_113802,2042,NotFound,6.7
20250402_113811,2049,NotFound,5.9
20250402_113858,2056,NotFound,6.0
20250402_113957,2060,NotFound,5.5
20250402_114025,2062,NotFound,5.1
20250402_114108,2065,NotFound,5.7
20250402_114305,2080,NotFound,5.9
20250402_114339,2083,NotFound,5.4
20250402_114407,2087,NotFound,5.6
20250402_114458,2095,NotFound,12.1
20250402_114504,2094,NotFound,6.9
20250402_114509,2100,NotFound,5.0
20250402_114545,2108,NotFound,5.8
20250402_114547,2111,NotFound,7.4
20250402_114609,2116,NotFound,7.9
20250402_114659,2125,NotFound,6.1
20250402_114938,2151,NotFound,6.4
20250402_114949,2157,NotFound,5.4
20250402_115006,2160,NotFound,5.3
20250402_115119,2178,NotFound,5.3
20250402_115210,2184,NotFound,5.6
20250402_115250,2199,NotFound,5.6
20250402_115321,2200,NotFound,7.6
20250402_115358,2222,NotFound,5.3
20250402_115448,2233,NotFound,6.7
20250402_115509,2240,NotFound,5.5
20250402_115636,2248,NotFound,8.1
20250402_115816,2250,NotFound,6.6
20250402_115912,2261,NotFound,6.5
20250402_115929,2266,NotFound,6.0
20250402_120001,2268,NotFound,6.8
20250402_120308,2288,NotFound,5.2
20250402_120341,2295,NotFound,6.1
20250402_120352,2296,NotFound,7.2
20250402_120401,2297,NotFound,6.2
20250402_120454,2301,NotFound,6.2
20250402_120652,2327,NotFound,7.2
20250402_120728,2332,NotFound,5.6
20250402_120909,2351,NotFound,6.4
20250402_121045,2365,NotFound,6.1
20250402_121101,2367,NotFound,5.1
20250402_121101,2368,NotFound,5.9
20250402_121110,2377,NotFound,7.1
20250402_121142,2380,NotFound,6.1
20250402_121144,2381,NotFound,6.9
20250402_121210,2384,NotFound,6.6
20250402_121218,2389,NotFound,5.8
20250402_121224,2394,NotFound,6.6
20250402_121305,2395,NotFound,5.5
20250402_121338,2397,NotFound,7.0
20250402_121432,2401,NotFound,5.9
20250402_121451,2404,NotFound,6.9
20250402_121453,2406,NotFound,6.3
20250402_121510,2408,NotFound,5.4
20250402_121756,2433,NotFound,6.3
20250402_121904,2447,NotFound,6.4
20250402_121934,2453,NotFound,5.9
20250402_122009,2455,NotFound,6.8
20250402_122113,2474,NotFound,5.8
20250402_122234,2476,NotFound,5.3
20250402_122236,2475,NotFound,6.0
20250402_122242,2477,NotFound,7.0
20250402_122308,2478,NotFound,7.3
20250402_122331,2480,NotFound,8.1
20250402_122336,2483,NotFound,6.1
20250402_122405,2485,NotFound,6.3
20250402_122411,2489,NotFound,6.4
20250402_122431,2498,NotFound,5.2
20250402_122452,2499,NotFound,6.4
20250402_122507,2503,NotFound,6.7
20250402_122539,2507,NotFound,5.8
20250402_122556,2511,NotFound,5.5
20250402_122619,2512,NotFound,6.2
20250402_122706,2519,NotFound,7.0
20250402_122707,2517,NotFound,5.3
20250402_122717,2525,NotFound,6.7
20250402_122959,2554,NotFound,6.3
20250402_123114,2558,NotFound,6.5
20250402_123221,2565,NotFound,7.6
20250402_123532,2585,NotFound,6.0
20250402_123647,2588,NotFound,6.0
20250402_123741,2594,NotFound,6.2
20250402_123847,2611,NotFound,6.3
20250402_123904,2613,NotFound,6.0
20250402_123906,2614,NotFound,5.5
20250402_124010,2617,NotFound,6.1
20250402_124107,2629,NotFound,5.6
20250402_124117,2627,NotFound,5.1
20250402_124228,2664,NotFound,6.6
20250402_124255,2668,NotFound,6.1
20250402_124351,2673,NotFound,6.4
20250402_124514,2677,NotFound,5.4
20250402_124515,2679,NotFound,5.9
20250402_124623,2685,NotFound,6.6
20250402_124705,2688,NotFound,6.4
20250402_124806,2691,NotFound,6.8
20250402_124923,2705,NotFound,5.3
20250402_125025,2715,NotFound,6.6
20250402_125137,2728,NotFound,5.3
20250402_125156,2729,NotFound,6.4
20250402_125201,2730,NotFound,6.0
20250402_125426,2735,NotFound,5.9
20250402_125454,2740,NotFound,5.5
20250402_125515,2742,NotFound,5.8
20250402_125707,2753,NotFound,5.2
20250402_125709,2756,NotFound,7.5
20250402_125743,2757,NotFound,6.2
20250402_130035,2771,NotFound,5.7
20250402_130147,2781,NotFound,6.9
20250402_130313,2788,NotFound,5.5
20250402_130356,2795,NotFound,5.7
20250402_130404,2797,NotFound,6.1
20250402_130431,2798,NotFound,8.1
20250402_130453,2799,NotFound,5.8
20250402_130503,2800,NotFound,5.6
20250402_130525,2808,NotFound,7.1
20250402_130608,2811,NotFound,6.2
20250402_130706,2814,NotFound,6.9
20250402_130748,2815,NotFound,5.8
20250402_130929,2819,NotFound,6.7
20250402_131029,2831,NotFound,7.5
20250402_131049,2833,NotFound,5.0
20250402_131246,2840,NotFound,5.5
20250402_131253,2842,NotFound,5.4
20250402_131600,2863,NotFound,5.9
20250402_131708,2872,NotFound,5.5
20250402_131712,2873,NotFound,5.3
20250402_131723,2874,NotFound,6.2
20250402_131733,2876,NotFound,6.6
20250402_131854,2879,NotFound,6.1
20250402_132012,2883,NotFound,5.9
20250402_132052,2895,NotFound,5.9
20250402_132056,2894,NotFound,5.8
20250402_132151,2900,NotFound,6.3
20250402_132214,2906,NotFound,5.4
20250402_132235,2907,NotFound,7.7
20250402_132241,2908,NotFound,6.0
20250402_132331,2912,NotFound,6.4
20250402_132351,2913,NotFound,6.9
20250402_132447,2915,NotFound,7.6
20250402_132513,2918,NotFound,10.5
20250402_132533,2919,NotFound,6.0
20250402_132623,2938,NotFound,8.1
20250402_132637,2943,NotFound,5.5
20250402_132811,2963,NotFound,5.9
20250402_132918,2965,NotFound,6.4
20250402_132951,2974,NotFound,6.1
20250402_133113,2988,NotFound,5.6
20250402_133124,2993,NotFound,5.6
20250402_133128,2995,NotFound,9.8
20250402_133147,2997,NotFound,5.1
20250402_133206,2999,NotFound,6.9
20250402_133209,3000,NotFound,6.4
20250402_133243,3009,NotFound,5.0
20250402_133402,3013,NotFound,8.1
20250402_133528,3017,NotFound,5.9
20250402_133607,3019,NotFound,6.4
20250402_133657,3024,NotFound,7.0
20250402_133703,3025,NotFound,5.5
20250402_133714,3028,NotFound,7.9
20250402_133852,3040,NotFound,7.6
20250402_133923,3041,NotFound,5.8
20250402_133941,3042,NotFound,6.3
20250402_134009,3043,NotFound,5.1
20250402_134014,3045,NotFound,6.0
20250402_134017,3046,NotFound,6.1
20250402_134250,3056,NotFound,5.5
20250402_134321,3064,NotFound,6.3
20250402_134346,3066,NotFound,5.1
20250402_134350,3068,NotFound,6.2
20250402_134534,3080,NotFound,7.3
20250402_134814,3086,NotFound,6.1
20250402_134919,3090,NotFound,6.5
20250402_134925,3093,NotFound,5.3
20250402_134942,3097,NotFound,6.5
20250402_135021,3099,NotFound,6.1
20250402_135033,3104,NotFound,8.2
20250402_135036,3105,NotFound,6.5
20250402_135041,3106,NotFound,5.4
20250402_135130,3107,NotFound,5.5
20250402_135218,3110,NotFound,6.0
20250402_135248,3119,NotFound,5.3
20250402_135407,3126,NotFound,5.4
20250402_135505,3144,NotFound,6.9
20250402_135537,3148,NotFound,6.4
20250402_135631,3149,NotFound,5.3
20250402_135636,3150,NotFound,7.9
20250402_135657,3154,NotFound,6.0
20250402_135737,3157,NotFound,5.4
20250402_135902,3164,NotFound,7.2
20250402_135937,3166,NotFound,5.3
20250402_140151,3188,NotFound,6.4
20250402_140202,3189,NotFound,6.0
20250402_140212,3190,NotFound,6.2
20250402_140235,3195,NotFound,6.9
20250402_140314,3200,NotFound,5.4
20250402_140330,3202,NotFound,6.5
20250402_140531,3214,NotFound,7.3
20250402_140533,3213,NotFound,5.2
20250402_140555,3217,NotFound,5.3
20250402_140639,3226,NotFound,5.7
20250402_140653,3233,NotFound,7.0
20250402_140711,3235,NotFound,5.8
20250402_140821,3244,NotFound,7.3
20250402_140823,3246,NotFound,5.8
20250402_140836,3248,NotFound,6.3
20250402_140852,3250,NotFound,5.8
20250402_141018,3254,NotFound,7.1
20250402_141027,3255,NotFound,6.0
20250402_141155,3257,NotFound,7.3
20250402_141217,3259,NotFound,5.1
20250402_141356,3263,NotFound,6.5
20250402_141412,3264,NotFound,5.6
20250402_141436,3265,NotFound,5.7
20250402_141627,3275,NotFound,6.7
20250402_141632,3276,NotFound,6.2
20250402_141637,3278,NotFound,5.9
20250402_141846,3296,NotFound,6.1
20250402_141921,3298,NotFound,5.2
20250402_142007,3311,NotFound,6.2
20250402_142017,3318,NotFound,5.9
20250402_142035,3323,NotFound,7.2
20250402_142206,3337,NotFound,5.5
20250402_142211,3335,NotFound,7.4
20250402_142215,3339,NotFound,5.8
20250402_142223,3340,NotFound,6.2
20250402_142311,3346,NotFound,5.9
20250402_142338,3353,NotFound,5.4
20250402_142407,3359,NotFound,5.1
20250402_142411,3360,NotFound,6.0
20250402_142423,3361,NotFound,7.5
20250402_142526,3362,NotFound,6.5
20250402_142545,3366,NotFound,5.9
20250402_142606,3371,NotFound,5.2
20250402_142613,3372,NotFound,5.3
20250402_142702,3378,NotFound,5.7
20250402_142811,3385,NotFound,6.3
20250402_142859,3388,NotFound,5.5
20250402_143040,3405,NotFound,6.5
20250402_143350,3420,NotFound,6.1
20250402_143423,3425,NotFound,6.3
20250402_143500,3428,NotFound,6.8
20250402_143539,3433,NotFound,9.6
20250402_143547,3436,NotFound,5.7
20250402_143610,3437,NotFound,5.7
20250402_143634,3439,NotFound,5.7
20250402_143725,3443,NotFound,5.9
20250402_143805,3445,NotFound,6.1
20250402_143900,3448,NotFound,6.0
20250402_144059,3458,NotFound,5.0
20250402_144107,3459,NotFound,6.0
20250402_144236,3468,NotFound,6.2
20250402_144435,3479,NotFound,7.3
20250402_144509,3481,NotFound,6.1
20250402_144542,3483,NotFound,6.5
20250402_144623,3488,NotFound,6.8
20250402_144709,3491,NotFound,5.2
20250402_144810,3497,NotFound,6.0
20250402_144920,3507,NotFound,5.2
20250402_144939,3509,NotFound,5.7
20250402_145121,3516,NotFound,7.0
20250402_145243,3524,NotFound,5.8
20250402_145342,3528,NotFound,6.1
20250402_145359,3530,NotFound,7.2
20250402_145455,3540,NotFound,5.3
20250402_145541,3553,NotFound,5.9
20250402_145638,3558,NotFound,5.7
20250402_145947,3568,NotFound,5.2
20250402_150006,3575,NotFound,5.8
20250402_150048,3580,NotFound,6.4
20250402_150217,3585,NotFound,11.5
20250402_150219,3593,NotFound,5.4
20250402_150242,3605,NotFound,6.0
20250402_150305,3610,NotFound,6.2
20250402_150308,3609,NotFound,5.7
20250402_150342,3622,NotFound,7.6
20250402_150524,3629,NotFound,6.9
20250402_150652,3636,NotFound,6.0
20250402_150706,3639,NotFound,8.4
20250402_150730,3641,NotFound,6.4
20250402_151057,3664,NotFound,6.0
20250402_151113,3666,NotFound,5.3
20250402_151133,3668,NotFound,5.3
20250402_151133,3669,NotFound,9.2
20250402_151148,3671,NotFound,5.4
20250402_151232,3675,NotFound,6.8
20250402_151355,3676,NotFound,6.4
20250402_151409,3677,NotFound,5.9
20250402_151412,3678,NotFound,6.4
20250402_151442,3683,NotFound,7.3
20250402_151500,3686,NotFound,6.1
20250402_151534,3690,NotFound,5.6
20250402_151556,3694,NotFound,8.5
20250402_151616,3702,NotFound,5.1
20250402_151656,3707,NotFound,5.4
20250402_151711,3708,NotFound,6.9
20250402_151917,3713,NotFound,5.8
20250402_151954,3714,NotFound,8.5
20250402_152029,3720,NotFound,6.5
20250402_152041,3722,NotFound,5.9
20250402_152055,3726,NotFound,6.1
20250402_152224,3730,NotFound,6.1
20250402_152241,3739,NotFound,6.2
20250402_152242,3733,NotFound,5.3
20250402_152329,3741,NotFound,7.5
20250402_152347,3742,NotFound,6.4
20250402_152422,3743,NotFound,7.4
20250402_152644,3747,NotFound,5.3
20250402_152729,3761,NotFound,6.0
20250402_152905,3771,NotFound,6.2
20250402_153003,3778,NotFound,6.1
20250402_153019,3788,NotFound,7.6
20250402_153100,3791,NotFound,6.7
20250402_153134,3794,NotFound,5.6
20250402_153145,3795,NotFound,5.1
20250402_153202,3798,NotFound,6.4
20250402_153225,3803,NotFound,5.1
20250402_153255,3811,NotFound,6.0
20250402_153411,3831,NotFound,5.5
20250402_153517,3837,NotFound,7.3
20250402_153615,3841,NotFound,5.7
20250402_153619,3842,NotFound,7.3
20250402_153731,3850,NotFound,5.8
20250402_153914,3860,NotFound,7.3
20250402_154115,3885,NotFound,5.7
20250402_154211,3889,NotFound,7.8
20250402_154246,3890,NotFound,5.8
20250402_154254,3892,NotFound,7.1
20250402_154301,3893,NotFound,6.1
20250402_154503,3900,NotFound,6.6
20250402_154517,3903,NotFound,5.8
20250402_154541,3908,NotFound,6.4
20250402_154626,3909,NotFound,5.4
20250402_154801,3924,NotFound,6.1
20250402_154809,3925,NotFound,6.8
20250402_155056,3932,NotFound,7.1
20250402_155421,3947,NotFound,6.2
20250402_155546,3951,NotFound,5.6
20250402_155546,3952,NotFound,5.0
20250402_155633,3955,NotFound,6.5
20250402_155730,3958,NotFound,5.3
20250402_155818,3959,NotFound,5.1
20250402_155930,3965,NotFound,8.2
20250402_160027,3974,NotFound,6.2
20250402_160032,3975,NotFound,6.1
20250402_160116,3982,NotFound,5.4
20250402_160127,3983,NotFound,6.0
20250402_160131,3984,NotFound,5.2
20250402_160139,3986,NotFound,6.0
20250402_160203,3989,NotFound,5.4
20250402_160315,3993,NotFound,6.1
20250402_160327,4002,NotFound,7.0
20250402_160340,4003,NotFound,5.3
20250402_160428,4014,NotFound,6.9
20250402_160437,4016,NotFound,6.2
20250402_160457,4018,NotFound,6.1
20250402_160529,4024,NotFound,8.5
20250402_160558,4029,NotFound,6.3
20250402_160610,4032,NotFound,6.1
20250402_160637,4039,NotFound,6.2
20250402_160646,4041,NotFound,5.1
20250402_160650,4042,NotFound,6.1
20250402_160851,4045,NotFound,6.3
20250402_160901,4046,NotFound,6.8
20250402_160930,4049,NotFound,6.0
20250402_160942,4052,NotFound,5.6
20250402_160949,4054,NotFound,7.1
20250402_160949,4053,NotFound,5.1
20250402_160954,4056,NotFound,5.5
20250402_161050,4063,NotFound,7.8
20250402_161109,4065,NotFound,6.3
20250402_161131,4071,NotFound,6.5
20250402_161151,4072,NotFound,7.4
20250402_161322,4095,NotFound,6.6
20250402_161325,4094,NotFound,5.0
20250402_161350,4105,NotFound,5.5
20250402_161609,4113,NotFound,10.0
20250402_161623,4115,NotFound,5.9
20250402_161649,4120,NotFound,5.6
20250402_161655,4121,NotFound,5.6
20250402_161815,4126,NotFound,5.4
20250402_161839,4128,NotFound,5.1
20250402_161927,4129,NotFound,6.2
20250402_162108,4139,NotFound,8.9
20250402_162130,4145,NotFound,9.0
20250402_162142,4152,NotFound,6.6
20250402_162243,4160,NotFound,6.7
20250402_162250,4161,NotFound,6.0
20250402_162257,4162,NotFound,5.8
20250402_162411,4171,NotFound,5.4
20250402_162439,4172,NotFound,6.1
20250402_162446,4175,NotFound,5.2
20250402_162522,4177,NotFound,5.7
20250402_162602,4178,NotFound,5.8
20250402_162719,4189,NotFound,6.4
20250402_162818,4190,NotFound,5.8
20250402_162922,4193,NotFound,6.0
20250402_162946,4195,NotFound,5.8
20250402_163031,4198,NotFound,6.7
20250402_163039,4201,NotFound,6.4
20250402_163110,4205,NotFound,6.2
20250402_163135,4206,NotFound,6.9
20250402_163254,4209,NotFound,6.7
20250402_163254,4212,NotFound,10.9
20250402_163327,4218,NotFound,6.2
20250402_163352,4220,NotFound,5.5
20250402_163435,4224,NotFound,5.8
20250402_163446,4226,NotFound,5.6
20250402_163519,4239,NotFound,5.3
20250402_163702,4246,NotFound,5.1
20250402_163734,4247,NotFound,6.0
20250402_163803,4257,NotFound,7.3
20250402_164025,4270,NotFound,5.4
20250402_164132,4282,NotFound,6.3
20250402_164139,4284,NotFound,8.4
20250402_164322,4298,NotFound,5.4
20250402_164431,4305,NotFound,6.9
20250402_164602,4321,NotFound,5.2
20250402_164740,4327,NotFound,6.1
20250402_164825,4337,NotFound,6.2
20250402_164846,4349,NotFound,6.9
20250402_165021,4355,NotFound,7.1
20250402_165039,4357,NotFound,5.1
20250402_165137,4366,NotFound,5.8
20250402_165151,4369,NotFound,5.2
20250402_165212,4382,NotFound,5.6
20250402_165410,4414,NotFound,7.2
20250402_165446,4419,NotFound,7.1
20250402_165715,4439,NotFound,6.4
20250402_165858,4463,NotFound,5.3
20250402_170015,4458,NotFound,6.1
20250402_170027,4477,NotFound,5.1
20250402_170030,4481,NotFound,6.2
20250402_170143,4486,NotFound,5.8
20250402_170153,4488,NotFound,5.1
20250402_170221,4493,NotFound,6.3
20250402_170244,4503,NotFound,5.2
20250402_170309,4530,NotFound,5.4
20250402_170311,4532,NotFound,7.2
20250402_170352,4533,NotFound,6.5
20250402_170418,4536,NotFound,6.4
20250402_170430,4537,NotFound,6.9
20250402_170517,4540,NotFound,6.3
20250402_170628,4548,NotFound,6.1
20250402_170632,4549,NotFound,5.7
20250402_170644,4553,NotFound,7.4
20250402_170707,4555,NotFound,5.7
20250402_170712,4556,NotFound,7.1
20250402_170750,4564,NotFound,6.7
20250402_170803,4566,NotFound,8.3
20250402_170902,4575,NotFound,5.9
20250402_171102,4589,NotFound,6.0
20250402_171225,4598,NotFound,6.7
20250402_171352,4603,NotFound,7.1
20250402_171455,4613,NotFound,5.2
20250402_171522,4617,NotFound,5.6
20250402_171634,4630,NotFound,5.0
20250402_171642,4631,NotFound,7.5
20250402_171650,4637,NotFound,5.4
20250402_171659,4638,NotFound,6.9
20250402_171757,4650,NotFound,6.2
20250402_171926,4652,NotFound,5.4
20250402_171927,4653,NotFound,5.8
20250402_171934,4654,NotFound,5.7
20250402_172037,4662,NotFound,5.1
20250402_172124,4664,NotFound,5.5
20250402_172155,4665,NotFound,5.2
20250402_172239,4674,NotFound,7.1
20250402_172334,4679,NotFound,5.3
20250402_172455,4696,NotFound,5.8
20250402_172642,4704,NotFound,5.7
20250402_172742,4709,NotFound,6.8
20250402_172745,4711,NotFound,5.6
20250402_172804,4715,NotFound,6.2
20250402_172909,4725,NotFound,10.2
20250402_173020,4739,NotFound,6.7
20250402_173107,4753,NotFound,7.6
20250402_173111,4756,NotFound,5.4
20250402_173154,4762,NotFound,8.8
20250402_173345,4781,NotFound,5.8
20250402_173352,4788,NotFound,6.1
20250402_173727,4811,NotFound,5.6
20250402_173824,4812,NotFound,6.4
20250402_173843,4815,NotFound,6.1
20250402_173902,4821,NotFound,5.3
20250402_174017,4822,NotFound,6.4
20250402_174030,4825,NotFound,5.5
20250402_174058,4830,NotFound,6.1
20250402_174133,4843,NotFound,7.7
20250402_174203,4851,NotFound,5.9
20250402_174229,4855,NotFound,5.9
20250402_174353,4863,NotFound,6.3
20250402_174418,4871,NotFound,6.2
20250402_174524,4881,NotFound,6.9
20250402_174603,4889,NotFound,5.2
20250402_174609,4891,NotFound,5.7
20250402_174659,4902,NotFound,5.2
20250402_174724,4904,NotFound,7.0
20250402_174732,4907,NotFound,5.6
20250402_174746,4909,NotFound,5.6
20250402_174818,4912,NotFound,5.7
20250402_174846,4918,NotFound,7.2
20250402_174907,4920,NotFound,7.6
20250402_174937,4923,NotFound,7.4
20250402_175354,4983,NotFound,5.7
20250402_175546,5024,NotFound,6.5
20250402_175625,5030,NotFound,6.6
20250402_175629,5035,NotFound,5.2
20250402_175715,5042,NotFound,7.5
20250402_175730,5045,NotFound,6.1
20250402_175807,5054,NotFound,7.4
20250402_175854,5065,NotFound,5.4
20250402_175913,5068,NotFound,6.0
20250402_180022,5077,NotFound,6.9
20250402_180030,5083,NotFound,5.1
20250402_180115,5099,NotFound,5.6
20250402_180225,5115,NotFound,5.1
20250402_180248,5120,NotFound,6.4
20250402_180349,5139,NotFound,5.2
20250402_180401,5141,NotFound,5.8
20250402_180535,5172,NotFound,5.1
20250402_180607,5189,NotFound,5.2
20250402_180638,5190,NotFound,5.4
20250402_180709,5202,NotFound,6.2
20250402_180727,5203,NotFound,6.6
20250402_180727,5205,NotFound,5.4
20250402_180752,5207,NotFound,5.8
20250402_180837,5210,NotFound,5.3
20250402_180957,5226,NotFound,5.7
20250402_181038,5231,NotFound,5.3
20250402_181052,5233,NotFound,5.6
20250402_181137,5239,NotFound,5.5
20250402_181200,5247,NotFound,5.6
20250402_181224,5252,NotFound,6.0
20250402_181246,5255,NotFound,5.2
20250402_181256,5256,NotFound,6.1
20250402_181307,5258,NotFound,5.5
20250402_181404,5275,NotFound,6.4
20250402_181501,5282,NotFound,5.6
20250402_181802,5314,NotFound,7.9
20250402_181818,5318,NotFound,12.4
20250402_181847,5328,NotFound,6.3
20250402_181910,5329,NotFound,5.0
20250402_182019,5334,NotFound,5.5
20250402_182144,5345,NotFound,5.7
20250402_182153,5348,NotFound,5.8
20250402_182209,5355,NotFound,6.4
20250402_182212,5356,NotFound,5.3
20250402_182230,5357,NotFound,5.9
20250402_182234,5359,NotFound,6.1
20250402_182330,5369,NotFound,8.3
20250402_182330,5370,NotFound,7.9
20250402_182339,5373,NotFound,5.3
20250402_182429,5375,NotFound,7.4
20250402_182436,5378,NotFound,6.1
20250402_182624,5400,NotFound,5.6
20250402_182641,5406,NotFound,5.9
20250402_182704,5407,NotFound,7.8
20250402_182834,5415,NotFound,5.7
20250402_182855,5416,NotFound,6.0
20250402_183017,5437,NotFound,5.9
20250402_183033,5448,NotFound,7.3
20250402_183152,5460,NotFound,6.7
20250402_183316,5478,NotFound,6.8
20250402_183444,5492,NotFound,5.3
20250402_183622,5511,NotFound,5.1
20250402_183648,5521,NotFound,5.9
20250402_183840,5535,NotFound,6.5
20250402_183845,5539,NotFound,10.4
20250402_183957,5545,NotFound,6.6
20250402_184018,5551,NotFound,7.0
20250402_184022,5556,NotFound,5.8
20250402_184058,5557,NotFound,6.5
20250402_184206,5558,NotFound,6.9
20250402_184227,5560,NotFound,5.4
20250402_184354,5573,NotFound,8.5
20250402_184424,5576,NotFound,9.0
20250402_184507,5578,NotFound,5.8
20250402_184521,5580,NotFound,6.0
20250402_184541,5584,NotFound,6.1
20250402_184548,5585,NotFound,5.1
20250402_184557,5586,NotFound,6.7
20250402_184803,5616,NotFound,7.5
20250402_184818,5619,NotFound,6.3
20250402_184957,5635,NotFound,5.5
20250402_185010,5637,NotFound,6.8
20250402_185133,5642,NotFound,5.6
20250402_185213,5650,NotFound,6.3
20250402_185225,5655,NotFound,8.9
20250402_185228,5656,NotFound,8.0
20250402_185234,5657,NotFound,5.4
20250402_185255,5664,NotFound,5.2
20250402_185449,5692,NotFound,11.9
20250402_185652,5733,NotFound,5.0
20250402_185658,5735,NotFound,5.4
20250402_185723,5749,NotFound,7.0
20250402_190006,5790,NotFound,6.5
20250402_190149,5792,NotFound,5.9
20250402_190310,5814,NotFound,5.3
20250402_190315,5817,NotFound,6.6
20250402_190400,5825,NotFound,6.3
20250402_190412,5831,NotFound,5.9
20250402_190436,5845,NotFound,6.7
20250402_190450,5852,NotFound,5.3
20250402_190510,5856,NotFound,5.2
20250402_190733,5869,NotFound,6.8
20250402_190921,5878,NotFound,5.7
20250402_191018,5884,NotFound,5.4
20250402_191121,5886,NotFound,5.6
20250402_191132,5891,NotFound,5.7
20250402_191202,5895,NotFound,5.6
20250402_191204,5896,NotFound,5.5
20250402_191313,5909,NotFound,6.1
20250402_191426,5913,NotFound,7.7
20250402_191452,5917,NotFound,6.5
20250402_191626,5925,NotFound,6.4
20250402_191634,5926,NotFound,6.3
20250402_191651,5928,NotFound,5.7
20250402_191751,5933,NotFound,5.9
20250402_191808,5943,NotFound,6.1
20250402_191846,5955,NotFound,6.7
20250402_191928,5956,NotFound,7.0
20250402_192028,5960,NotFound,7.4
20250402_192048,5961,NotFound,7.0
20250402_192151,5968,NotFound,5.7
20250402_192244,5974,NotFound,6.4
20250402_192308,5979,NotFound,5.6
20250402_192330,5980,NotFound,5.6
20250402_192331,5981,NotFound,6.0
20250402_192437,5992,NotFound,5.5
20250402_192450,5996,NotFound,6.0
20250402_192501,5999,NotFound,5.3
20250402_192516,6007,NotFound,6.8
20250402_192626,6010,NotFound,6.5
20250402_192646,6014,NotFound,7.7
20250402_192848,6032,NotFound,5.1
20250402_193226,6055,NotFound,5.1
20250402_193237,6056,NotFound,8.6
20250402_193308,6066,NotFound,6.9
20250402_193314,6067,NotFound,6.1
20250402_193316,6068,NotFound,6.2
20250402_193321,6070,NotFound,6.9
20250402_193328,6073,NotFound,5.3
20250402_193405,6075,NotFound,6.8
20250402_193422,6076,NotFound,6.4
20250402_193437,6077,NotFound,6.7
20250402_193500,6079,NotFound,7.2
20250402_193532,6083,NotFound,6.7
20250402_193608,6085,NotFound,8.9
20250402_193610,6086,NotFound,6.8
20250402_193619,6090,NotFound,6.6
20250402_193648,6097,NotFound,7.0
20250402_193718,6099,NotFound,7.7
20250402_193755,6101,NotFound,5.2
20250402_193811,6102,NotFound,5.0
20250402_193819,6103,NotFound,8.3
20250402_193824,6104,NotFound,7.2
20250402_193835,6105,NotFound,6.1
20250402_193854,6106,NotFound,6.8
20250402_193955,6109,NotFound,6.3
20250402_194029,6110,NotFound,6.3
20250402_194040,6111,NotFound,6.5
20250402_194116,6112,NotFound,5.1
20250402_194131,6113,NotFound,6.7
20250402_194215,6116,NotFound,6.0
20250402_194308,6121,NotFound,6.6
20250402_194332,6126,NotFound,6.5
20250402_194420,6138,NotFound,6.9
20250402_194510,6142,NotFound,7.2
20250402_194513,6140,NotFound,6.4
20250402_194527,6143,NotFound,8.5
20250402_194529,6144,NotFound,6.8
20250402_194552,6150,NotFound,6.5
20250402_194718,6174,NotFound,6.7
20250402_194856,6198,NotFound,6.3
20250402_194859,6202,NotFound,6.8
20250402_194938,6208,NotFound,5.3
20250402_195008,6215,NotFound,5.8
20250402_195022,6216,NotFound,5.3
20250402_195119,6222,NotFound,6.3
20250402_195135,6226,NotFound,9.5
20250402_195141,6227,NotFound,5.8
20250402_195203,6229,NotFound,8.8
20250402_195325,6241,NotFound,6.0
20250402_195330,6242,NotFound,5.1
20250402_195349,6244,NotFound,5.7
20250402_195440,6254,NotFound,6.7
20250402_195457,6260,NotFound,5.7
20250402_195508,6263,NotFound,5.5
20250402_195537,6268,NotFound,5.6
20250402_195544,6271,NotFound,6.5
20250402_195552,6280,NotFound,6.2
20250402_195623,6286,NotFound,6.4
20250402_195656,6293,NotFound,6.2
20250402_195725,6305,NotFound,5.7
20250402_195731,6306,NotFound,7.0
20250402_195800,6313,NotFound,6.1
20250402_195828,6315,NotFound,5.3
20250402_195836,6317,NotFound,6.6
20250402_195844,6318,NotFound,5.7
20250402_195945,6322,NotFound,6.6
20250402_200004,6327,NotFound,6.0
20250402_200042,6337,NotFound,6.9
20250402_200056,6339,NotFound,7.1
20250402_200107,6343,NotFound,6.2
20250402_200154,6354,NotFound,5.8
20250402_200209,6357,NotFound,6.3
20250402_200317,6361,NotFound,5.7
20250402_200319,6358,NotFound,6.3
20250402_200355,6365,NotFound,6.6
20250402_200410,6366,NotFound,6.4
20250402_200721,6374,NotFound,6.2
20250402_200800,6392,NotFound,7.1
20250402_200823,6395,NotFound,7.1
20250402_200826,6394,NotFound,6.6
20250402_201046,6424,NotFound,5.4
20250402_201048,6421,NotFound,6.9
20250402_201216,6427,NotFound,7.9
20250402_201312,6433,NotFound,6.4
20250402_201321,6431,NotFound,5.4
20250402_201326,6441,NotFound,6.2
20250402_201332,6445,NotFound,6.4
20250402_201412,6448,NotFound,6.9
20250402_201455,6460,NotFound,5.3
20250402_201626,6469,NotFound,5.8
20250402_201703,6475,NotFound,6.3
20250402_201717,6476,NotFound,6.1
20250402_201730,6480,NotFound,6.5
20250402_201815,6484,NotFound,5.2
20250402_201817,6485,NotFound,5.7
20250402_201838,6494,NotFound,5.5
20250402_202054,6507,NotFound,8.4
20250402_202212,6524,NotFound,6.5
20250402_202237,6533,NotFound,8.4
20250402_202238,6531,NotFound,5.5
20250402_202321,6548,NotFound,5.7
20250402_202407,6551,NotFound,6.5
20250402_202429,6553,NotFound,7.2
20250402_202433,6554,NotFound,5.9
20250402_202554,6558,NotFound,6.8
20250402_202618,6561,NotFound,5.4
20250402_202622,6563,NotFound,5.3
20250402_202626,6565,NotFound,5.5
20250402_202631,6566,NotFound,7.2
20250402_202646,6581,NotFound,6.6
20250402_202654,6583,NotFound,6.6
20250402_202658,6587,NotFound,5.1
20250402_202721,6592,NotFound,6.1
20250402_202802,6595,NotFound,8.8
20250402_202825,6608,NotFound,6.2
20250402_202858,6611,NotFound,6.4
20250402_202901,6612,NotFound,6.1
20250402_202921,6618,NotFound,6.6
20250402_203028,6627,NotFound,5.1
20250402_203042,6628,NotFound,5.0
20250402_203154,6636,NotFound,6.3
20250402_203201,6639,NotFound,6.6
20250402_203236,6642,NotFound,7.7
20250402_203256,6648,NotFound,7.5
20250402_203301,6654,NotFound,5.8
20250402_203355,6666,NotFound,5.5
20250402_203406,6669,NotFound,5.4
20250402_203501,6673,NotFound,5.6
20250402_203530,6681,NotFound,6.2
20250402_203554,6680,NotFound,6.2
20250402_203600,6684,NotFound,6.3
20250402_203619,6688,NotFound,5.5
20250402_203632,6690,NotFound,6.0
20250402_203634,6691,NotFound,7.4
20250402_203731,6693,NotFound,7.1
20250402_203754,6692,NotFound,6.9
20250402_203759,6700,NotFound,6.8
20250402_203905,6704,NotFound,7.6
20250402_203908,6705,NotFound,6.4
20250402_203938,6710,NotFound,5.2
20250402_203946,6712,NotFound,5.3
20250402_204035,6714,NotFound,6.7
20250402_204048,6715,NotFound,7.1
20250402_204054,6716,NotFound,6.0
20250402_204133,6728,NotFound,7.0
20250402_204141,6738,NotFound,6.7
20250402_204212,6742,NotFound,5.4
20250402_204300,6753,NotFound,5.4
20250402_204310,6754,NotFound,5.6
20250402_204335,6755,NotFound,6.3
20250402_204511,6767,NotFound,7.0
20250402_204551,6768,NotFound,6.3
20250402_204818,6791,NotFound,6.9
20250402_204912,6799,NotFound,5.0
20250402_205029,6806,NotFound,6.2
20250402_205105,6809,NotFound,6.9
20250402_205152,6813,NotFound,5.7
20250402_205208,6814,NotFound,5.7
20250402_205250,6819,NotFound,5.8
20250402_205328,6822,NotFound,7.4
20250402_205332,6823,NotFound,5.1
20250402_205334,6825,NotFound,6.3
20250402_205357,6826,NotFound,6.6
20250402_205431,6827,NotFound,6.5
20250402_205440,6828,NotFound,5.6
20250402_205524,6829,NotFound,6.2
20250402_205653,6830,NotFound,6.1
20250402_205714,6842,NotFound,5.9
20250402_205757,6846,NotFound,7.9
20250402_205822,6856,NotFound,6.2
20250402_205954,6870,NotFound,8.3
20250402_205957,6873,NotFound,6.2
20250402_210033,6880,NotFound,5.0
20250402_210124,6882,NotFound,5.5
20250402_210229,6889,NotFound,6.2
20250402_210322,6900,NotFound,5.3
20250402_210327,6905,NotFound,5.2
20250402_210500,6910,NotFound,8.8
20250402_210520,6915,NotFound,6.7
20250402_210624,6916,NotFound,5.0
20250402_210659,6917,NotFound,6.5
20250402_210703,6919,NotFound,5.8
20250402_210723,6920,NotFound,6.1
20250402_210934,6925,NotFound,7.1
20250402_211014,6940,NotFound,6.1
20250402_211124,6945,NotFound,6.0
20250402_211140,6948,NotFound,5.6
20250402_211205,6949,NotFound,6.4
20250402_211611,6973,NotFound,6.3
20250402_211636,6976,NotFound,7.1
20250402_211658,6977,NotFound,6.4
20250402_211747,6983,NotFound,7.0
20250402_211842,6991,NotFound,7.7
20250402_211858,6993,NotFound,5.6
20250402_211902,6994,NotFound,6.7
20250402_212003,6995,NotFound,5.9
20250402_212008,6996,NotFound,6.2
20250402_212040,7002,NotFound,6.1
20250402_212133,7004,NotFound,5.1
20250402_212258,7012,NotFound,5.3
20250402_212332,7014,NotFound,7.3
20250402_212427,7018,NotFound,5.2
20250402_212455,7024,NotFound,7.6
20250402_212519,7026,NotFound,6.7
20250402_212607,7033,NotFound,6.0
20250402_212629,7037,NotFound,6.0
20250402_212753,7053,NotFound,6.5
20250402_212826,7060,NotFound,5.9
20250402_212826,7055,NotFound,5.2
20250402_213126,7070,NotFound,6.3
20250402_213148,7072,NotFound,6.8
20250402_213211,7074,NotFound,7.0
20250402_213249,7079,NotFound,7.0
20250402_213300,7080,NotFound,6.1
20250402_213313,7083,NotFound,6.8
20250402_213344,7084,NotFound,5.9
20250402_213349,7085,NotFound,7.4
20250402_213401,7087,NotFound,5.1
20250402_213406,7088,NotFound,5.7
20250402_213412,7091,NotFound,5.8
20250402_213415,7095,NotFound,5.3
20250402_213420,7097,NotFound,6.8
20250402_213426,7098,NotFound,6.4
20250402_213456,7101,NotFound,5.4
20250402_213539,7109,NotFound,5.0
20250402_213559,7111,NotFound,6.1
20250402_213631,7112,NotFound,6.9
20250402_213730,7118,NotFound,5.7
20250402_213738,7119,NotFound,6.2
20250402_213748,7120,NotFound,5.4
20250402_213941,7131,NotFound,6.3
20250402_213950,7133,NotFound,6.8
20250402_214002,7134,NotFound,5.8
20250402_214012,7135,NotFound,6.4
20250402_214019,7136,NotFound,5.5
20250402_214041,7137,NotFound,5.2
20250402_214102,7138,NotFound,5.2
20250402_214144,7141,NotFound,6.7
20250402_214228,7147,NotFound,6.3
20250402_214251,7149,NotFound,5.1
20250402_214335,7157,NotFound,6.0
20250402_214338,7159,NotFound,9.3
20250402_214347,7160,NotFound,9.8
20250402_214523,7164,NotFound,5.1
20250402_214549,7165,NotFound,5.4
20250402_214704,7174,NotFound,6.8
20250402_214707,7175,NotFound,6.6
20250402_214809,7177,NotFound,5.1
20250402_214822,7178,NotFound,5.3
20250402_214840,7187,NotFound,6.6
20250402_214841,7188,NotFound,5.4
20250402_215018,7195,NotFound,5.7
20250402_215019,7197,NotFound,5.1
20250402_215034,7199,NotFound,5.5
20250402_215110,7205,NotFound,5.5
20250402_215117,7207,NotFound,6.1
20250402_215123,7208,NotFound,7.0
20250402_215137,7209,NotFound,5.6
20250402_215250,7217,NotFound,5.1
20250402_215311,7219,NotFound,6.0
20250402_215315,7221,NotFound,6.5
20250402_215322,7223,NotFound,6.7
20250402_215430,7224,NotFound,7.8
20250402_215511,7229,NotFound,7.7
20250402_215642,7237,NotFound,6.3
20250402_215649,7240,NotFound,6.5
20250402_215750,7241,NotFound,6.3
20250402_215807,7247,NotFound,5.5
20250402_215853,7248,NotFound,7.5
20250402_215901,7249,NotFound,5.1
20250402_215927,7250,NotFound,5.2
20250402_215951,7255,NotFound,5.8
20250402_220021,7258,NotFound,5.9
20250402_220023,7259,NotFound,5.4
20250402_220149,7273,NotFound,5.6
20250402_220215,7275,NotFound,5.2
20250402_220239,7283,NotFound,5.2
20250402_220318,7289,NotFound,6.2
20250402_220404,7291,NotFound,5.8
20250402_220406,7292,NotFound,5.8
20250402_220413,7294,NotFound,5.6
20250402_220419,7295,NotFound,5.5
20250402_220440,7300,NotFound,9.8
20250402_220504,7308,NotFound,5.7
20250402_220513,7309,NotFound,6.7
20250402_220646,7317,NotFound,5.6
20250402_220657,7318,NotFound,6.1
20250402_220712,7321,NotFound,5.0
20250402_220732,7330,NotFound,7.3
20250402_220735,7331,NotFound,7.1
20250402_220809,7332,NotFound,5.1
20250402_220909,7336,NotFound,6.5
20250402_220935,7337,NotFound,7.2
20250402_221017,7339,NotFound,5.5
20250402_221153,7342,NotFound,5.7
20250402_221223,7349,NotFound,8.3
20250402_221225,7350,NotFound,5.8
20250402_221304,7354,NotFound,5.4
20250402_221410,7357,NotFound,6.5
20250402_221503,7364,NotFound,6.5
20250402_221507,7363,NotFound,6.4
20250402_221534,7365,NotFound,6.9
20250402_221617,7367,NotFound,7.9
20250402_221631,7375,NotFound,7.1
20250402_221641,7378,NotFound,6.0
20250402_221709,7379,NotFound,6.3
20250402_221850,7380,NotFound,5.6
20250402_221915,7382,NotFound,5.7
20250402_221952,7386,NotFound,6.3
20250402_222003,7389,NotFound,6.4
20250402_222027,7393,NotFound,5.2
20250402_222033,7399,NotFound,5.1
20250402_222043,7403,NotFound,6.5
20250402_222108,7405,NotFound,5.4
20250402_222119,7406,NotFound,5.9
20250402_222136,7409,NotFound,5.8
20250402_222235,7416,NotFound,5.5
20250402_222259,7418,NotFound,5.6
20250402_222315,7420,NotFound,6.3
20250402_222549,7429,NotFound,6.0
20250402_222623,7430,NotFound,6.5
20250402_222634,7431,NotFound,5.8
20250402_222733,7437,NotFound,6.9
20250402_222807,7438,NotFound,5.1
20250402_222823,7439,NotFound,6.1
20250402_222842,7440,NotFound,6.1
20250402_222928,7448,NotFound,5.4
20250402_223115,7460,NotFound,5.4
20250402_223155,7464,NotFound,6.2
20250402_223252,7471,NotFound,5.6
20250402_223713,7483,NotFound,5.9
20250402_223919,7484,NotFound,6.0
20250402_224018,7486,NotFound,6.1
20250402_224157,7491,NotFound,6.9
20250402_224248,7495,NotFound,5.3
20250402_224342,7496,NotFound,5.9
20250402_224412,7506,NotFound,6.3
20250402_224517,7507,NotFound,6.8
20250402_224626,7508,NotFound,5.7
20250402_224636,7510,NotFound,5.7
20250402_224655,7512,NotFound,5.9
20250402_224813,7518,NotFound,5.4
20250402_224836,7522,NotFound,5.5
20250402_224847,7523,NotFound,6.6
20250402_224935,7524,NotFound,6.0
20250402_225007,7525,NotFound,5.8
20250402_225049,7535,NotFound,7.2
20250402_225137,7541,NotFound,5.9
20250402_225138,7543,NotFound,6.6
20250402_225200,7544,NotFound,5.7
20250402_225211,7545,NotFound,8.5
20250402_225323,7551,NotFound,6.3
20250402_225412,7552,NotFound,6.6
20250402_225520,7555,NotFound,5.3
20250402_225541,7556,NotFound,6.1
20250402_225729,7557,NotFound,6.6
20250402_225905,7562,NotFound,6.2
20250402_225935,7563,NotFound,5.7
20250402_230039,7566,NotFound,6.1
20250402_230205,7571,NotFound,6.3
20250402_230324,7572,NotFound,5.2
20250402_230434,7573,NotFound,6.0
20250402_230911,7585,NotFound,5.1
20250402_231032,7592,NotFound,6.2
20250402_231200,7596,NotFound,6.1
20250402_231242,7599,NotFound,11.3
20250402_231653,7620,NotFound,6.4
20250402_231722,7624,NotFound,6.1
20250402_231754,7627,NotFound,6.1
20250402_231844,7632,NotFound,7.5
20250402_232031,7653,NotFound,7.2
20250402_232102,7652,NotFound,6.2
20250402_232143,7662,NotFound,5.1
20250402_232336,7675,NotFound,9.6
20250402_232501,7690,NotFound,5.2
20250402_232512,7691,NotFound,6.7
20250402_232529,7694,NotFound,9.2
20250402_232538,7695,NotFound,7.0
20250402_232714,7698,NotFound,6.4
20250402_232722,7699,NotFound,5.5
20250402_232729,7701,NotFound,6.4
20250402_232732,7702,NotFound,6.3
20250402_232735,7704,NotFound,5.8
20250402_232821,7705,NotFound,5.4
20250402_232844,7714,NotFound,5.3
20250402_232844,7715,NotFound,6.9
20250402_232847,7721,NotFound,6.0
20250402_232849,7724,NotFound,5.7
20250402_232858,7725,NotFound,5.1
20250402_232926,7727,NotFound,5.6
20250402_233047,7731,NotFound,6.3
20250402_233109,7732,NotFound,6.4
20250402_233133,7737,NotFound,6.0
20250402_233148,7738,NotFound,6.5
20250402_233159,7741,NotFound,7.4
20250402_233254,7745,NotFound,11.9
20250402_233254,7747,NotFound,10.1
20250402_233317,7748,NotFound,5.5
20250402_233328,7753,NotFound,6.4
20250402_233355,7756,NotFound,7.7
20250402_233458,7763,NotFound,6.1
20250402_233515,7766,NotFound,5.7
20250402_233544,7772,NotFound,5.2
20250402_233746,7777,NotFound,5.8
20250402_233807,7779,NotFound,6.1
20250402_233941,7797,NotFound,5.2
20250402_234010,7801,NotFound,6.6
20250402_234135,7808,NotFound,5.3
20250402_234317,7820,NotFound,5.4
20250402_234410,7827,NotFound,7.7
20250402_234411,7825,NotFound,18.6
20250402_234434,7832,NotFound,6.0
20250402_234507,7839,NotFound,5.9
20250402_234521,7840,NotFound,7.5
20250402_234535,7842,NotFound,6.0
20250402_234601,7844,NotFound,5.8
20250402_234713,7846,NotFound,5.7
20250402_234716,7847,NotFound,7.5
20250402_234720,7848,NotFound,5.6
20250402_234915,7856,NotFound,6.3
20250402_234949,7861,NotFound,6.9
20250402_235215,7878,NotFound,7.2
20250402_235254,7882,NotFound,5.9
20250402_235315,7883,NotFound,6.4
20250402_235404,7885,NotFound,6.6
20250402_235410,7886,NotFound,6.2
20250402_235427,7888,NotFound,6.4
20250402_235511,7894,NotFound,5.6
20250402_235529,7895,NotFound,7.7
20250402_235553,7897,NotFound,6.7
20250402_235553,7896,NotFound,8.1
20250402_235639,7907,NotFound,6.6
20250402_235715,7913,NotFound,5.1
20250402_235743,7917,NotFound,7.9
20250402_235925,7926,NotFound,6.3
20250403_000006,7928,NotFound,5.6
20250403_000009,7933,NotFound,6.6
20250403_000111,7935,NotFound,7.6
20250403_000153,7941,NotFound,7.9
20250403_000332,7968,NotFound,6.5
20250403_000350,7969,NotFound,6.5
20250403_000408,7973,NotFound,6.2
20250403_000438,7976,NotFound,6.8
20250403_000457,7978,NotFound,6.4
20250403_000501,7980,NotFound,7.7
20250403_000534,7981,NotFound,6.8
20250403_000548,7986,NotFound,6.7
20250403_000611,7992,NotFound,8.3
20250403_000713,8006,NotFound,7.2
20250403_000729,8008,NotFound,5.9
20250403_000942,8024,NotFound,6.9
20250403_001000,8025,NotFound,6.0
20250403_001038,8029,NotFound,6.7
20250403_001049,8034,NotFound,5.5
20250403_001104,8044,NotFound,6.3
20250403_001125,8056,NotFound,7.2
20250403_001132,8057,NotFound,5.9
20250403_001138,8059,NotFound,5.3
20250403_001145,8060,NotFound,6.4
20250403_001152,8061,NotFound,5.5
20250403_001211,8063,NotFound,6.7
20250403_001237,8064,NotFound,6.3
20250403_001302,8065,NotFound,8.2
20250403_001345,8069,NotFound,5.3
20250403_001356,8073,NotFound,5.2
20250403_001420,8079,NotFound,6.1
20250403_001629,8083,NotFound,6.9
20250403_001718,8090,NotFound,6.3
20250403_001721,8094,NotFound,6.7
20250403_001828,8102,NotFound,5.9
20250403_001853,8103,NotFound,6.1
20250403_001947,8104,NotFound,6.0
20250403_002024,8109,NotFound,5.9
20250403_002037,8110,NotFound,5.7
20250403_002058,8111,NotFound,5.9
20250403_002252,8116,NotFound,7.8
20250403_002317,8119,NotFound,7.7
20250403_002332,8120,NotFound,6.4
20250403_002332,8121,NotFound,6.8
20250403_002353,8125,NotFound,7.3
20250403_002439,8129,NotFound,5.6
20250403_002446,8130,NotFound,6.0
20250403_002503,8132,NotFound,6.0
20250403_002533,8134,NotFound,6.5
20250403_002612,8135,NotFound,9.3
20250403_002629,8136,NotFound,7.4
20250403_002646,8137,NotFound,6.3
20250403_002651,8139,NotFound,6.4
20250403_002738,8146,NotFound,6.6
20250403_002828,8164,NotFound,5.0
20250403_002847,8168,NotFound,6.7
20250403_002954,8176,NotFound,6.3
20250403_003036,8182,NotFound,5.3
20250403_003044,8187,NotFound,7.5
20250403_003048,8190,NotFound,5.8
20250403_003130,8191,NotFound,6.6
20250403_003205,8192,NotFound,6.0
20250403_003300,8194,NotFound,7.6
20250403_003306,8195,NotFound,5.6
20250403_003342,8201,NotFound,6.8
20250403_003401,8202,NotFound,6.0
20250403_003420,8204,NotFound,6.5
20250403_003445,8206,NotFound,6.0
20250403_003451,8209,NotFound,6.3
20250403_003522,8211,NotFound,7.8
20250403_003553,8212,NotFound,9.4
20250403_003613,8218,NotFound,7.0
20250403_003645,8219,NotFound,6.3
20250403_003702,8220,NotFound,5.8
20250403_003716,8227,NotFound,5.5
20250403_003736,8228,NotFound,6.5
20250403_003826,8229,NotFound,5.2
20250403_003849,8231,NotFound,7.3
20250403_003855,8234,NotFound,6.1
20250403_003900,8235,NotFound,6.9
20250403_003907,8236,NotFound,6.4
20250403_003959,8238,NotFound,7.6
20250403_004134,8241,NotFound,8.4
20250403_004157,8246,NotFound,10.8
20250403_004205,8248,NotFound,5.7
20250403_004208,8249,NotFound,5.8
20250403_004217,8251,NotFound,6.4
20250403_004350,8262,NotFound,5.9
20250403_004354,8263,NotFound,5.3
20250403_004413,8266,NotFound,6.2
20250403_004437,8267,NotFound,5.4
20250403_004457,8270,NotFound,6.8
20250403_004518,8275,NotFound,6.5
20250403_004625,8280,NotFound,10.3
20250403_004639,8283,NotFound,5.8
20250403_004715,8289,NotFound,6.9
20250403_004716,8290,NotFound,6.2
20250403_004731,8293,NotFound,6.3
20250403_004905,8305,NotFound,7.3
20250403_004916,8309,NotFound,6.2
20250403_004949,8310,NotFound,7.8
20250403_005051,8317,NotFound,6.1
20250403_005136,8322,NotFound,10.2
20250403_005136,8323,NotFound,8.9
20250403_005150,8326,NotFound,7.7
20250403_005323,8328,NotFound,6.2
20250403_005345,8330,NotFound,6.0
20250403_005606,8347,NotFound,6.2
20250403_005616,8351,NotFound,5.5
20250403_005616,8349,NotFound,7.1
20250403_005758,8362,NotFound,5.5
20250403_005856,8370,NotFound,5.3
20250403_005910,8375,NotFound,5.3
20250403_005954,8380,NotFound,5.1
20250403_010006,8383,NotFound,9.6
20250403_010103,8387,NotFound,5.2
20250403_010135,8389,NotFound,5.9
20250403_010144,8390,NotFound,6.0
20250403_010235,8391,NotFound,6.3
20250403_010244,8393,NotFound,5.8
20250403_010308,8394,NotFound,6.5
20250403_010402,8404,NotFound,6.6
20250403_010412,8407,NotFound,5.5
20250403_010534,8410,NotFound,7.7
20250403_010540,8440,NotFound,5.4
20250403_010600,8443,NotFound,5.7
20250403_010633,8445,NotFound,6.2
20250403_010641,8446,NotFound,5.5
20250403_010710,8451,NotFound,6.2
20250403_010715,8448,NotFound,7.8
20250403_010734,8456,NotFound,5.6
20250403_010852,8460,NotFound,6.0
20250403_010909,8467,NotFound,5.5
20250403_010921,8474,NotFound,6.5
20250403_010922,8475,NotFound,6.6
20250403_010944,8482,NotFound,6.6
20250403_011000,8483,NotFound,6.1
20250403_011039,8484,NotFound,5.2
20250403_011059,8485,NotFound,6.4
20250403_011132,8486,NotFound,5.8
20250403_011221,8495,NotFound,6.2
20250403_011226,8497,NotFound,7.8
20250403_011230,8502,NotFound,6.2
20250403_011325,8503,NotFound,7.0
20250403_011400,8505,NotFound,7.1
20250403_011410,8507,NotFound,5.1
20250403_011426,8508,NotFound,6.4
20250403_011603,8512,NotFound,5.5
20250403_011605,8511,NotFound,6.4
20250403_011702,8517,NotFound,5.7
20250403_011732,8519,NotFound,6.4
20250403_011756,8524,NotFound,8.3
20250403_011924,8533,NotFound,5.9
20250403_012018,8538,NotFound,6.6
20250403_012134,8549,NotFound,5.9
20250403_012203,8551,NotFound,5.7
20250403_012341,8556,NotFound,6.9
20250403_012414,8564,NotFound,5.3
20250403_012437,8565,NotFound,5.9
20250403_012522,8573,NotFound,6.5
20250403_012559,8579,NotFound,5.5
20250403_012621,8580,NotFound,5.7
20250403_012645,8591,NotFound,5.7
20250403_012654,8592,NotFound,6.1
20250403_012802,8596,NotFound,6.2
20250403_012812,8597,NotFound,5.9
20250403_012825,8601,NotFound,6.8
20250403_012841,8603,NotFound,6.1
20250403_012951,8609,NotFound,5.8
20250403_013138,8613,NotFound,8.1
20250403_013138,8612,NotFound,6.5
20250403_013233,8619,NotFound,5.8
20250403_013300,8628,NotFound,6.5
20250403_013346,8632,NotFound,6.9
20250403_013521,8652,NotFound,7.9
20250403_013543,8661,NotFound,6.8
20250403_013553,8663,NotFound,7.3
20250403_013706,8665,NotFound,7.0
20250403_013745,8667,NotFound,5.1
20250403_013753,8668,NotFound,6.7
20250403_013846,8675,NotFound,6.6
20250403_013906,8677,NotFound,5.1
20250403_014027,8683,NotFound,5.5
20250403_014115,8691,NotFound,5.6
20250403_014118,8693,NotFound,6.3
20250403_014144,8698,NotFound,5.9
20250403_014158,8699,NotFound,5.0
20250403_014214,8700,NotFound,6.6
20250403_014256,8705,NotFound,5.8
20250403_014259,8706,NotFound,6.1
20250403_014306,8711,NotFound,7.4
20250403_014336,8713,NotFound,7.3
20250403_014441,8719,NotFound,6.6
20250403_014446,8716,NotFound,7.3
20250403_014515,8722,NotFound,6.7
20250403_014534,8724,NotFound,6.3
20250403_014539,8725,NotFound,5.8
20250403_014632,8726,NotFound,6.3
20250403_014732,8730,NotFound,5.7
20250403_014814,8740,NotFound,6.3
20250403_014836,8751,NotFound,6.1
20250403_014909,8753,NotFound,7.8
20250403_014931,8758,NotFound,5.2
20250403_014931,8759,NotFound,6.7
20250403_014934,8764,NotFound,6.9
20250403_015154,8776,NotFound,7.2
20250403_015157,8781,NotFound,5.1
20250403_015236,8783,NotFound,7.9
20250403_015455,8786,NotFound,6.1
20250403_015602,8792,NotFound,6.1
20250403_015606,8796,NotFound,5.3
20250403_015653,8799,NotFound,5.2
20250403_015911,8813,NotFound,5.7
20250403_020017,8816,NotFound,6.7
20250403_020029,8820,NotFound,5.9
20250403_020248,8854,NotFound,6.4
20250403_020352,8857,NotFound,7.4
20250403_020356,8859,NotFound,6.8
20250403_020537,8875,NotFound,7.0
20250403_020554,8879,NotFound,7.1
20250403_020557,8881,NotFound,6.3
20250403_020605,8882,NotFound,5.7
20250403_020621,8885,NotFound,6.6
20250403_020712,8890,NotFound,7.8
20250403_020726,8895,NotFound,6.5
20250403_020743,8898,NotFound,5.6
20250403_020809,8899,NotFound,7.2
20250403_020810,8900,NotFound,8.0
20250403_020840,8907,NotFound,5.4
20250403_020919,8910,NotFound,5.6
20250403_020939,8912,NotFound,5.8
20250403_020952,8914,NotFound,5.6
20250403_021016,8932,NotFound,6.6
20250403_021123,8947,NotFound,6.2
20250403_021131,8950,NotFound,6.5
20250403_021242,8952,NotFound,5.1
20250403_021434,8964,NotFound,7.1
20250403_021538,8970,NotFound,9.5
20250403_021601,8980,NotFound,7.0
20250403_021617,8981,NotFound,7.6
20250403_021623,8984,NotFound,6.2
20250403_021651,8985,NotFound,5.1
20250403_021655,8988,NotFound,5.2
20250403_021740,8996,NotFound,6.1
20250403_021807,8998,NotFound,6.7
20250403_021823,9006,NotFound,6.1
20250403_021834,9007,NotFound,5.7
20250403_021838,9008,NotFound,6.0
20250403_021907,9012,NotFound,6.0
20250403_021951,9014,NotFound,6.6
20250403_022120,9026,NotFound,5.9
20250403_022141,9029,NotFound,5.0
20250403_022148,9031,NotFound,6.6
20250403_022334,9042,NotFound,6.0
20250403_022351,9043,NotFound,6.4
20250403_022402,9044,NotFound,7.0
20250403_022411,9045,NotFound,5.3
20250403_022418,9047,NotFound,5.1
20250403_022428,9048,NotFound,5.5
20250403_022441,9049,NotFound,6.6
20250403_022516,9051,NotFound,5.8
20250403_022537,9053,NotFound,5.5
20250403_022600,9054,NotFound,5.6
20250403_022654,9062,NotFound,5.9
20250403_022658,9065,NotFound,5.9
20250403_022702,9070,NotFound,6.3
20250403_022706,9066,NotFound,5.4
20250403_022802,9073,NotFound,5.8
20250403_022811,9074,NotFound,5.7
20250403_022854,9078,NotFound,7.0
20250403_022939,9081,NotFound,5.4
20250403_023115,9085,NotFound,8.4
20250403_023129,9086,NotFound,6.3
20250403_023133,9087,NotFound,6.4
20250403_023304,9093,NotFound,8.3
20250403_023316,9096,NotFound,6.9
20250403_023324,9098,NotFound,6.2
20250403_023420,9099,NotFound,5.5
20250403_023438,9103,NotFound,6.1
20250403_023449,9110,NotFound,6.7
20250403_023454,9120,NotFound,6.7
20250403_023727,9138,NotFound,7.1
20250403_023740,9141,NotFound,6.2
20250403_023807,9142,NotFound,8.4
20250403_023815,9144,NotFound,5.7
20250403_024037,9157,NotFound,8.6
20250403_024058,9166,NotFound,6.1
20250403_024109,9173,NotFound,7.6
20250403_024212,9183,NotFound,5.9
20250403_024228,9186,NotFound,6.6
20250403_024308,9188,NotFound,6.3
20250403_024310,9190,NotFound,6.9
20250403_024316,9191,NotFound,6.2
20250403_024422,9197,NotFound,8.6
20250403_024433,9199,NotFound,6.6
20250403_024616,9201,NotFound,5.5
20250403_024733,9205,NotFound,5.5
20250403_024757,9209,NotFound,5.6
20250403_024815,9211,NotFound,5.4
20250403_024932,9228,NotFound,7.9
20250403_025015,9234,NotFound,6.4
20250403_025131,9238,NotFound,6.7
20250403_025155,9239,NotFound,5.4
20250403_025239,9244,NotFound,5.6
20250403_025250,9246,NotFound,6.2
20250403_025310,9247,NotFound,6.3
20250403_025334,9251,NotFound,6.3
20250403_025413,9261,NotFound,6.2
20250403_025417,9267,NotFound,6.0
20250403_025504,9288,NotFound,5.9
20250403_025522,9289,NotFound,5.4
20250403_025613,9311,NotFound,7.0
20250403_025626,9312,NotFound,5.2
20250403_025850,9349,NotFound,6.9
20250403_025916,9352,NotFound,6.6
20250403_025947,9367,NotFound,5.5
20250403_025949,9369,NotFound,5.4
20250403_030053,9384,NotFound,7.2
20250403_030053,9388,NotFound,6.5
20250403_030202,9395,NotFound,5.4
20250403_030442,9407,NotFound,5.6
20250403_030453,9408,NotFound,6.1
20250403_030509,9409,NotFound,6.2
20250403_030539,9410,NotFound,6.8
20250403_030616,9414,NotFound,6.2
20250403_030716,9415,NotFound,5.8
20250403_030727,9418,NotFound,7.1
20250403_030748,9422,NotFound,6.7
20250403_030820,9431,NotFound,6.1
20250403_030826,9434,NotFound,6.7
20250403_030853,9435,NotFound,5.7
20250403_031020,9450,NotFound,6.8
20250403_031129,9462,NotFound,6.2
20250403_031222,9469,NotFound,9.1
20250403_031227,9471,NotFound,6.0
20250403_031301,9474,NotFound,6.6
20250403_031420,9486,NotFound,5.9
20250403_031509,9491,NotFound,6.6
20250403_031516,9492,NotFound,5.3
20250403_031604,9494,NotFound,5.7
20250403_031724,9500,NotFound,5.4
20250403_031818,9501,NotFound,6.6
20250403_032036,9507,NotFound,6.1
20250403_032048,9508,NotFound,5.1
20250403_032241,9509,NotFound,5.0
20250403_032312,9510,NotFound,5.2
20250403_032546,9513,NotFound,5.2
20250403_032757,9519,NotFound,9.3
20250403_032805,9522,NotFound,5.8
20250403_032817,9534,NotFound,6.2
20250403_032844,9541,NotFound,5.7
20250403_032902,9543,NotFound,5.1
20250403_032914,9545,NotFound,5.7
20250403_033057,9551,NotFound,5.4
20250403_033059,9553,NotFound,5.2
20250403_033436,9589,NotFound,7.3
20250403_033453,9597,NotFound,5.4
20250403_033521,9600,NotFound,6.4
20250403_033711,9606,NotFound,5.7
20250403_033714,9610,NotFound,7.6
20250403_033725,9614,NotFound,7.3
20250403_033752,9617,NotFound,6.4
20250403_033942,9625,NotFound,5.8
20250403_033958,9626,NotFound,6.9
20250403_034013,9629,NotFound,10.5
20250403_034124,9633,NotFound,6.2
20250403_034154,9634,NotFound,7.3
20250403_034203,9637,NotFound,6.3
20250403_034248,9641,NotFound,6.1
20250403_034306,9650,NotFound,5.8
20250403_034311,9661,NotFound,7.4
20250403_034325,9662,NotFound,6.8
20250403_034337,9664,NotFound,5.5
20250403_034429,9665,NotFound,5.7
20250403_034448,9666,NotFound,5.3
20250403_034609,9670,NotFound,9.9
20250403_034613,9675,NotFound,7.9
20250403_034629,9678,NotFound,5.5
20250403_034742,9686,NotFound,6.2
20250403_034805,9689,NotFound,6.8
20250403_034809,9690,NotFound,5.8
20250403_034856,9695,NotFound,6.4
20250403_034939,9699,NotFound,6.5
20250403_034942,9700,NotFound,6.5
20250403_035022,9704,NotFound,7.0
20250403_035029,9705,NotFound,5.4
20250403_035041,9706,NotFound,7.9
20250403_035207,9710,NotFound,5.4
20250403_035237,9713,NotFound,5.4
20250403_035308,9715,NotFound,6.2
20250403_035339,9719,NotFound,6.2
20250403_035358,9722,NotFound,5.3
20250403_035502,9726,NotFound,7.5
20250403_035650,9736,NotFound,5.9
20250403_035731,9743,NotFound,6.5
20250403_035821,9745,NotFound,10.0
20250403_040025,9760,NotFound,6.7
20250403_040053,9761,NotFound,5.1
20250403_040102,9764,NotFound,6.7
20250403_040124,9769,NotFound,5.4
20250403_040209,9772,NotFound,7.3
20250403_040232,9773,NotFound,7.2
20250403_040258,9776,NotFound,6.6
20250403_040445,9785,NotFound,5.0
20250403_040504,9790,NotFound,5.6
20250403_040601,9792,NotFound,7.0
20250403_040624,9793,NotFound,6.8
20250403_040647,9795,NotFound,6.4
20250403_040733,9796,NotFound,7.3
20250403_040739,9798,NotFound,5.4
20250403_040855,9800,NotFound,7.2
20250403_040900,9806,NotFound,5.9
20250403_040915,9813,NotFound,6.5
20250403_040953,9816,NotFound,6.8
20250403_041040,9827,NotFound,6.0
20250403_041045,9833,NotFound,6.3
20250403_041121,9821,NotFound,6.0
20250403_041137,9843,NotFound,7.1
20250403_041146,9845,NotFound,7.9
20250403_041151,9846,NotFound,7.3
20250403_041247,9850,NotFound,7.6
20250403_041259,9851,NotFound,5.1
20250403_041305,9854,NotFound,5.8
20250403_041421,9856,NotFound,6.3
20250403_041556,9863,NotFound,7.0
20250403_041617,9864,NotFound,6.6
20250403_041625,9866,NotFound,6.2
20250403_041629,9867,NotFound,6.8
20250403_041715,9874,NotFound,6.4
20250403_041727,9876,NotFound,6.0
20250403_041739,9878,NotFound,5.7
20250403_041933,9882,NotFound,7.2
20250403_041949,9885,NotFound,6.6
20250403_041955,9891,NotFound,6.8
20250403_042122,9898,NotFound,7.4
20250403_042128,9900,NotFound,6.0
20250403_042145,9901,NotFound,6.6
20250403_042213,9906,NotFound,7.2
20250403_042236,9908,NotFound,6.8
20250403_042309,9911,NotFound,8.3
20250403_042340,9912,NotFound,6.1
20250403_042407,9913,NotFound,5.1
20250403_042421,9918,NotFound,6.8
20250403_042437,9919,NotFound,6.6
20250403_042531,9929,NotFound,7.8
20250403_042536,9931,NotFound,6.1
20250403_042640,9939,NotFound,5.9
20250403_042742,9945,NotFound,6.4
20250403_042817,9949,NotFound,6.0
20250403_042840,9958,NotFound,6.0
20250403_042907,9961,NotFound,6.3
20250403_043018,9967,NotFound,7.1
20250403_043048,9970,NotFound,5.7
20250403_043120,9972,NotFound,6.4
20250403_043257,9980,NotFound,6.5
20250403_043317,9982,NotFound,7.5
20250403_043341,9983,NotFound,6.2
20250403_043417,9985,NotFound,7.8
20250403_043451,9989,NotFound,8.1
20250403_043525,10000,NotFound,6.6
20250403_043604,10006,NotFound,6.1
20250403_043636,10012,NotFound,7.4
20250403_043658,10013,NotFound,7.5
20250403_043811,10015,NotFound,6.0
20250403_043829,10021,NotFound,5.6
20250403_043911,10023,NotFound,6.6
20250403_043928,10029,NotFound,5.1
20250403_043933,10030,NotFound,6.4
20250403_043958,10031,NotFound,5.7
20250403_044012,10034,NotFound,6.1
20250403_044014,10032,NotFound,6.9
20250403_044046,10035,NotFound,5.3
20250403_044111,10038,NotFound,6.0
20250403_044121,10045,NotFound,7.0
20250403_044130,10058,NotFound,6.6
20250403_044144,10064,NotFound,5.5
20250403_044256,10066,NotFound,7.9
20250403_044305,10072,NotFound,6.7
20250403_044317,10073,NotFound,6.1
20250403_044324,10074,NotFound,6.8
20250403_044507,10096,NotFound,5.6
20250403_044530,10102,NotFound,7.6
20250403_044702,10108,NotFound,5.4
20250403_044757,10114,NotFound,6.6
20250403_044949,10121,NotFound,5.2
20250403_045005,10122,NotFound,7.0
20250403_045014,10130,NotFound,6.5
20250403_045049,10131,NotFound,5.5
20250403_045056,10132,NotFound,6.9
20250403_045131,10135,NotFound,5.6
20250403_045157,10136,NotFound,7.5
20250403_045200,10139,NotFound,7.5
20250403_045247,10140,NotFound,7.0
20250403_045301,10142,NotFound,5.8
20250403_045332,10144,NotFound,6.7
20250403_045444,10148,NotFound,5.2
20250403_045553,10151,NotFound,7.2
20250403_045558,10153,NotFound,5.7
20250403_045917,10187,NotFound,6.3
20250403_050020,10188,NotFound,6.6
20250403_050030,10189,NotFound,6.5
20250403_050147,10191,NotFound,6.1
20250403_050322,10200,NotFound,5.9
20250403_050326,10201,NotFound,6.0
20250403_050346,10203,NotFound,5.3
20250403_050519,10217,NotFound,6.2
20250403_050557,10222,NotFound,5.6
20250403_050633,10223,NotFound,5.9
20250403_050645,10224,NotFound,7.9
20250403_050828,10240,NotFound,5.0
20250403_050921,10245,NotFound,5.1
20250403_050947,10247,NotFound,5.5
20250403_050958,10249,NotFound,6.9
20250403_051225,10266,NotFound,6.4
20250403_051456,10271,NotFound,7.2
20250403_051523,10272,NotFound,6.5
20250403_051600,10273,NotFound,5.4
20250403_051647,10274,NotFound,6.2
20250403_051758,10287,NotFound,5.2
20250403_051907,10297,NotFound,6.8
20250403_051939,10300,NotFound,7.9
20250403_051953,10301,NotFound,7.0
20250403_052009,10307,NotFound,6.7
20250403_052123,10311,NotFound,7.3
20250403_052128,10312,NotFound,5.1
20250403_052228,10317,NotFound,5.2
20250403_052453,10347,NotFound,5.3
20250403_052457,10353,NotFound,5.1
20250403_052605,10360,NotFound,7.3
20250403_052721,10370,NotFound,6.0
20250403_052733,10376,NotFound,5.2
20250403_052802,10390,NotFound,5.6
20250403_052852,10398,NotFound,5.5
20250403_052901,10400,NotFound,5.9
20250403_052931,10415,NotFound,8.9
20250403_053030,10425,NotFound,5.7
20250403_053126,10436,NotFound,7.3
20250403_053145,10441,NotFound,8.5
20250403_053219,10447,NotFound,5.0
20250403_053304,10455,NotFound,6.0
20250403_053308,10456,NotFound,8.9
20250403_053321,10460,NotFound,8.0
20250403_053327,10462,NotFound,6.1
20250403_053338,10463,NotFound,6.3
20250403_053432,10471,NotFound,5.3
20250403_053520,10473,NotFound,6.4
20250403_053525,10474,NotFound,6.5
20250403_053532,10476,NotFound,6.2
20250403_053538,10479,NotFound,5.0
20250403_053621,10484,NotFound,5.3
20250403_053636,10485,NotFound,10.9
20250403_053736,10487,NotFound,5.8
20250403_053747,10491,NotFound,7.6
20250403_053757,10496,NotFound,6.3
20250403_053925,10511,NotFound,7.3
20250403_053949,10516,NotFound,6.6
20250403_054111,10535,NotFound,6.1
20250403_054301,10541,NotFound,5.8
20250403_054309,10542,NotFound,6.4
20250403_054403,10544,NotFound,8.4
20250403_054424,10548,NotFound,5.4
20250403_054502,10551,NotFound,6.1
20250403_054552,10557,NotFound,5.8
20250403_054635,10561,NotFound,6.5
20250403_054711,10563,NotFound,5.8
20250403_054721,10564,NotFound,5.9
20250403_054739,10565,NotFound,5.1
20250403_054743,10566,NotFound,7.0
20250403_054823,10569,NotFound,6.1
20250403_054828,10568,NotFound,6.5
20250403_054845,10574,NotFound,5.4
20250403_055021,10585,NotFound,8.8
20250403_055042,10589,NotFound,6.7
20250403_055106,10595,NotFound,5.9
20250403_055127,10601,NotFound,5.8
20250403_055234,10602,NotFound,6.2
20250403_055333,10607,NotFound,5.6
20250403_055406,10618,NotFound,5.3
20250403_055444,10620,NotFound,6.1
20250403_055510,10624,NotFound,5.4
20250403_055542,10625,NotFound,6.1
20250403_055553,10628,NotFound,7.4
20250403_055739,10633,NotFound,5.7
20250403_055808,10636,NotFound,6.0
20250403_055822,10641,NotFound,5.7
20250403_055948,10644,NotFound,6.8
20250403_060026,10647,NotFound,5.2
20250403_060044,10650,NotFound,7.2
20250403_060206,10656,NotFound,5.5
20250403_060254,10657,NotFound,5.6
20250403_060312,10661,NotFound,6.6
20250403_060347,10665,NotFound,6.0
20250403_060602,10675,NotFound,7.3
20250403_060615,10677,NotFound,7.1
20250403_060748,10679,NotFound,13.5
20250403_060808,10683,NotFound,6.7
20250403_060822,10685,NotFound,6.1
20250403_060838,10688,NotFound,5.8
20250403_060859,10691,NotFound,6.2
20250403_060928,10694,NotFound,6.9
20250403_060952,10696,NotFound,5.8
20250403_061028,10700,NotFound,7.0
20250403_061036,10699,NotFound,5.2
20250403_061231,10719,NotFound,5.0
20250403_061335,10726,NotFound,7.3
20250403_061421,10730,NotFound,6.4
20250403_061532,10733,NotFound,6.5
20250403_061554,10734,NotFound,5.3
20250403_061600,10735,NotFound,6.6
20250403_061619,10738,NotFound,7.4
20250403_061633,10739,NotFound,6.3
20250403_061734,10742,NotFound,6.9
20250403_062204,10775,NotFound,5.6
20250403_062222,10786,NotFound,5.1
20250403_062235,10787,NotFound,6.3
20250403_062439,10790,NotFound,6.6
20250403_062442,10791,NotFound,7.1
20250403_062606,10799,NotFound,6.3
20250403_062622,10801,NotFound,5.8
20250403_062640,10802,NotFound,5.7
20250403_062716,10804,NotFound,5.8
20250403_062801,10805,NotFound,5.4
20250403_062812,10808,NotFound,6.3
20250403_062852,10813,NotFound,7.1
20250403_062858,10814,NotFound,5.5
20250403_062901,10815,NotFound,6.4
20250403_062910,10817,NotFound,6.5
20250403_063037,10821,NotFound,5.3
20250403_063101,10822,NotFound,6.2
20250403_063131,10828,NotFound,6.4
20250403_063154,10830,NotFound,5.6
20250403_063213,10833,NotFound,7.2
20250403_063334,10857,NotFound,5.7
20250403_063335,10858,NotFound,7.0
20250403_063450,10869,NotFound,9.6
20250403_063518,10876,NotFound,6.7
20250403_063539,10877,NotFound,7.4
20250403_063619,10880,NotFound,6.2
20250403_063654,10882,NotFound,6.8
20250403_063817,10889,NotFound,6.0
20250403_063939,10903,NotFound,6.7
20250403_063946,10907,NotFound,6.0
20250403_064041,10912,NotFound,6.4
20250403_064141,10915,NotFound,5.8
20250403_064219,10918,NotFound,7.0
20250403_064222,10919,NotFound,7.5
20250403_064238,10922,NotFound,5.4
20250403_064243,10923,NotFound,5.9
20250403_064256,10934,NotFound,5.2
20250403_064328,10937,NotFound,5.6
20250403_064406,10942,NotFound,5.5
20250403_064420,10947,NotFound,5.7
20250403_064502,10951,NotFound,5.2
20250403_064516,10952,NotFound,5.4
20250403_064739,10981,NotFound,6.0
20250403_064936,10996,NotFound,6.4
20250403_064944,10997,NotFound,5.6
20250403_065052,11000,NotFound,7.3
20250403_065152,11002,NotFound,6.3
20250403_065158,11009,NotFound,6.7
20250403_065251,11012,NotFound,6.1
20250403_065257,11014,NotFound,7.1
20250403_065318,11018,NotFound,6.4
20250403_065346,11020,NotFound,6.8
20250403_065358,11029,NotFound,6.0
20250403_065429,11042,NotFound,6.8
20250403_065433,11043,NotFound,6.1
20250403_065435,11045,NotFound,6.8
20250403_065445,11051,NotFound,8.6
20250403_065457,11052,NotFound,6.5
20250403_065641,11058,NotFound,6.2
20250403_065646,11060,NotFound,5.8
20250403_065728,11071,NotFound,6.8
20250403_065755,11073,NotFound,6.0
20250403_065818,11077,NotFound,5.3
20250403_065844,11084,NotFound,6.9
20250403_065854,11085,NotFound,7.2
20250403_065909,11086,NotFound,5.1
20250403_065957,11089,NotFound,6.2
20250403_070028,11090,NotFound,6.8
20250403_070108,11097,NotFound,6.4
20250403_070118,11099,NotFound,5.6
20250403_070223,11103,NotFound,5.7
20250403_070258,11105,NotFound,6.4
20250403_070516,11121,NotFound,5.7
20250403_070529,11123,NotFound,5.8
20250403_070540,11127,NotFound,5.3
20250403_070552,11124,NotFound,5.1
20250403_070709,11138,NotFound,7.2
20250403_070713,11140,NotFound,6.3
20250403_070729,11141,NotFound,6.6
20250403_071027,11145,NotFound,5.0
20250403_071042,11147,NotFound,7.2
20250403_071149,11148,NotFound,6.6
20250403_071254,11149,NotFound,5.9
20250403_071337,11154,NotFound,7.4
20250403_071443,11164,NotFound,5.8
20250403_071656,11177,NotFound,7.1
20250403_071818,11184,NotFound,7.3
20250403_071824,11190,NotFound,6.9
20250403_071910,11200,NotFound,5.6
20250403_072000,11203,NotFound,6.3
20250403_072030,11213,NotFound,5.7
20250403_072038,11217,NotFound,8.7
20250403_072049,11218,NotFound,7.3
20250403_072245,11220,NotFound,6.7
20250403_072324,11226,NotFound,5.7
20250403_072339,11228,NotFound,7.9
20250403_072456,11246,NotFound,6.1
20250403_072559,11248,NotFound,6.7
20250403_072655,11256,NotFound,6.1
20250403_072702,11257,NotFound,5.2
20250403_072736,11265,NotFound,7.5
20250403_072811,11266,NotFound,6.2
20250403_072830,11267,NotFound,6.4
20250403_072836,11268,NotFound,7.2
20250403_072843,11272,NotFound,6.2
20250403_072900,11274,NotFound,5.3
20250403_072912,11275,NotFound,6.5
20250403_072917,11276,NotFound,5.0
20250403_072921,11277,NotFound,7.5
20250403_073009,11264,NotFound,5.3
20250403_073054,11281,NotFound,5.8
20250403_073250,11292,NotFound,5.0
20250403_073302,11293,NotFound,5.2
20250403_073304,11296,NotFound,6.9
20250403_073320,11299,NotFound,6.6
20250403_073342,11303,NotFound,5.4
20250403_073405,11306,NotFound,7.4
20250403_073447,11309,NotFound,8.3
20250403_073510,11310,NotFound,7.1
20250403_073633,11316,NotFound,7.3
20250403_073640,11317,NotFound,8.2
20250403_073736,11327,NotFound,5.9
20250403_073809,11329,NotFound,6.4
20250403_073928,11332,NotFound,5.6
20250403_073957,11334,NotFound,17.0
20250403_073957,11333,NotFound,5.3
20250403_074026,11339,NotFound,6.5
20250403_074108,11340,NotFound,6.7
20250403_074328,11347,NotFound,6.0
20250403_074409,11349,NotFound,6.8
20250403_074549,11361,NotFound,5.7
20250403_074600,11362,NotFound,5.1
20250403_074630,11367,NotFound,5.7
20250403_074739,11368,NotFound,6.0
20250403_074825,11369,NotFound,5.8
20250403_074859,11370,NotFound,6.6
20250403_074956,11371,NotFound,6.7
20250403_075023,11372,NotFound,6.1
20250403_075436,11404,NotFound,5.6
20250403_075520,11407,NotFound,6.1
20250403_075526,11411,NotFound,6.5
20250403_075552,11416,NotFound,6.7
20250403_075623,11417,NotFound,6.9
20250403_075716,11420,NotFound,5.2
20250403_075828,11422,NotFound,7.1
20250403_075902,11427,NotFound,6.7
20250403_075950,11428,NotFound,6.7
20250403_080009,11432,NotFound,5.6
20250403_080015,11435,NotFound,6.2
20250403_080037,11436,NotFound,6.5
20250403_080046,11438,NotFound,5.1
20250403_080121,11440,NotFound,8.7
20250403_080127,11441,NotFound,5.0
20250403_080247,11444,NotFound,5.2
20250403_080308,11445,NotFound,5.6
20250403_080311,11447,NotFound,5.6
20250403_080357,11448,NotFound,6.8
20250403_080523,11454,NotFound,6.5
20250403_080633,11455,NotFound,5.9
20250403_080705,11457,NotFound,6.4
20250403_080715,11461,NotFound,6.6
20250403_080751,11463,NotFound,6.4
20250403_080758,11466,NotFound,6.3
20250403_080817,11467,NotFound,7.0
20250403_080821,11470,NotFound,5.2
20250403_080914,11472,NotFound,6.0
20250403_080936,11473,NotFound,6.3
20250403_081037,11478,NotFound,5.1
20250403_081040,11477,NotFound,7.7
20250403_081134,11483,NotFound,5.4
20250403_081232,11489,NotFound,6.2
20250403_081248,11494,NotFound,6.2
20250403_081704,11507,NotFound,5.4
20250403_081739,11509,NotFound,5.2
20250403_081814,11513,NotFound,6.9
20250403_081821,11514,NotFound,6.1
20250403_081902,11516,NotFound,5.6
20250403_081907,11515,NotFound,6.5
20250403_082000,11524,NotFound,6.2
20250403_082120,11530,NotFound,6.6
20250403_082230,11537,NotFound,6.7
20250403_082247,11542,NotFound,5.0
20250403_082252,11539,NotFound,5.7
20250403_082355,11547,NotFound,5.1
20250403_082436,11553,NotFound,6.8
20250403_082522,11558,NotFound,8.8
20250403_082535,11561,NotFound,5.2
20250403_082552,11564,NotFound,6.4
20250403_082704,11569,NotFound,6.4
20250403_082709,11572,NotFound,5.8
20250403_082809,11575,NotFound,7.7
20250403_082836,11578,NotFound,5.9
20250403_082846,11579,NotFound,5.6
20250403_082848,11580,NotFound,6.7
20250403_083025,11584,NotFound,5.9
20250403_083036,11585,NotFound,6.5
20250403_083229,11590,NotFound,6.4
20250403_083251,11594,NotFound,6.4
20250403_083346,11595,NotFound,5.9
20250403_083352,11596,NotFound,5.7
20250403_083420,11597,NotFound,6.8
20250403_083529,11600,NotFound,6.0
20250403_083544,11601,NotFound,5.8
20250403_083705,11606,NotFound,6.6
20250403_083749,11607,NotFound,6.7
20250403_083819,11610,NotFound,5.4
20250403_083836,11612,NotFound,6.9
20250403_083906,11613,NotFound,6.3
20250403_083919,11615,NotFound,5.0
20250403_084103,11620,NotFound,7.2
20250403_084201,11624,NotFound,6.9
20250403_084213,11626,NotFound,5.2
20250403_084221,11628,NotFound,6.1
20250403_084228,11629,NotFound,6.3
20250403_084303,11631,NotFound,8.7
20250403_084345,11632,NotFound,5.8
20250403_084433,11635,NotFound,6.5
20250403_084441,11636,NotFound,7.4
20250403_084631,11641,NotFound,6.5
20250403_084728,11642,NotFound,5.5
20250403_084827,11643,NotFound,5.6
20250403_085039,11649,NotFound,6.7
20250403_085238,11650,NotFound,5.2
20250403_085352,11656,NotFound,6.4
20250403_085403,11657,NotFound,6.5
20250403_085418,11659,NotFound,5.1
20250403_085504,11666,NotFound,7.0
20250403_085505,11667,NotFound,7.1
20250403_085536,11674,NotFound,6.7
20250403_085537,11672,NotFound,5.6
20250403_085633,11679,NotFound,5.6
20250403_085711,11684,NotFound,5.8
20250403_085713,11685,NotFound,22.1
20250403_085811,11691,NotFound,5.4
20250403_085825,11694,NotFound,5.3
20250403_085930,11704,NotFound,6.1
20250403_090005,11707,NotFound,6.4
20250403_090008,11708,NotFound,5.8
20250403_090031,11709,NotFound,5.8
20250403_090154,11726,NotFound,7.2
20250403_090223,11727,NotFound,6.0
20250403_090231,11728,NotFound,6.3
20250403_090248,11729,NotFound,5.9
20250403_090347,11732,NotFound,6.7
20250403_090401,11734,NotFound,7.5
20250403_090406,11736,NotFound,7.8
20250403_090409,11735,NotFound,5.4
20250403_090454,11737,NotFound,5.2
20250403_090630,11749,NotFound,5.2
20250403_090639,11759,NotFound,7.6
20250403_090747,11760,NotFound,6.6
20250403_090914,11767,NotFound,5.2
20250403_090927,11769,NotFound,5.6
20250403_091030,11772,NotFound,6.5
20250403_091034,11773,NotFound,6.3
20250403_091048,11777,NotFound,5.2
20250403_091151,11781,NotFound,6.6
20250403_091201,11783,NotFound,5.8
20250403_091227,11786,NotFound,5.3
20250403_091255,11788,NotFound,5.8
20250403_091307,11789,NotFound,5.5
20250403_091519,11792,NotFound,7.2
20250403_091545,11793,NotFound,5.4
20250403_091627,11798,NotFound,6.1
20250403_091746,11806,NotFound,5.2
20250403_091841,11811,NotFound,9.5
20250403_092027,11825,NotFound,6.7
20250403_092205,11840,NotFound,6.0
20250403_092240,11842,NotFound,5.5
20250403_092247,11843,NotFound,6.6
20250403_092414,11848,NotFound,6.5
20250403_092428,11852,NotFound,5.6
20250403_092455,11856,NotFound,5.7
20250403_092514,11857,NotFound,5.9
20250403_092555,11858,NotFound,6.1
20250403_092606,11860,NotFound,6.6
20250403_092622,11866,NotFound,6.8
20250403_092653,11867,NotFound,5.4
20250403_092701,11869,NotFound,7.9
20250403_092702,11871,NotFound,6.3
20250403_092859,11877,NotFound,8.0
20250403_092911,11881,NotFound,6.7
20250403_093029,11883,NotFound,5.7
20250403_093034,11885,NotFound,6.6
20250403_093108,11890,NotFound,5.8
20250403_093119,11893,NotFound,6.5
20250403_093138,11897,NotFound,6.7
20250403_093214,11898,NotFound,5.8
20250403_093232,11901,NotFound,7.4
20250403_093422,11910,NotFound,6.4
20250403_093438,11911,NotFound,6.0
20250403_093456,11916,NotFound,5.8
20250403_093514,11917,NotFound,5.9
20250403_093634,11920,NotFound,6.1
20250403_093638,11919,NotFound,5.8
20250403_093646,11923,NotFound,5.9
20250403_093651,11927,NotFound,6.4
20250403_093700,11930,NotFound,5.2
20250403_093804,11937,NotFound,6.6
20250403_093849,11938,NotFound,5.7
20250403_093908,11942,NotFound,7.1
20250403_094010,11952,NotFound,6.3
20250403_094029,11954,NotFound,6.3
20250403_094033,11955,NotFound,6.8
20250403_094259,11967,NotFound,5.6
20250403_094331,11969,NotFound,5.4
20250403_094334,11970,NotFound,6.2
20250403_094414,11972,NotFound,6.3
20250403_094458,11976,NotFound,6.5
20250403_094531,11980,NotFound,6.4
20250403_094603,11983,NotFound,5.4
20250403_094718,11996,NotFound,8.0
20250403_094753,12002,NotFound,6.3
20250403_094757,12001,NotFound,5.1
20250403_094802,12006,NotFound,5.4
20250403_095044,12013,NotFound,5.5
20250403_095118,12014,NotFound,8.5
20250403_095123,12016,NotFound,5.7
20250403_095232,12017,NotFound,6.7
20250403_095309,12022,NotFound,6.2
20250403_095347,12025,NotFound,7.4
20250403_095403,12028,NotFound,7.6
20250403_095550,12029,NotFound,6.2
20250403_095601,12031,NotFound,5.1
20250403_095640,12039,NotFound,6.1
20250403_095654,12044,NotFound,5.4
20250403_095721,12046,NotFound,7.4
20250403_095833,12053,NotFound,7.9
20250403_095849,12055,NotFound,5.9
20250403_095952,12060,NotFound,6.9
20250403_100101,12062,NotFound,5.8
20250403_100148,12065,NotFound,5.3
20250403_100302,12069,NotFound,6.8
20250403_100406,12073,NotFound,6.0
20250403_100408,12075,NotFound,5.6
20250403_100551,12081,NotFound,5.8
20250403_100554,12082,NotFound,6.0
20250403_100750,12085,NotFound,5.7
20250403_100754,12088,NotFound,6.8
20250403_100828,12101,NotFound,5.5
20250403_100916,12104,NotFound,6.6
20250403_101104,12107,NotFound,5.3
20250403_101114,12111,NotFound,6.3
20250403_101234,12114,NotFound,7.0
20250403_101255,12115,NotFound,6.5
20250403_101355,12118,NotFound,6.5
20250403_101430,12121,NotFound,6.2
20250403_101542,12124,NotFound,5.9
20250403_101631,12127,NotFound,7.3
20250403_101648,12131,NotFound,5.8
20250403_101649,12135,NotFound,6.4
20250403_101735,12139,NotFound,5.8
20250403_101859,12145,NotFound,7.0
20250403_101930,12147,NotFound,7.4
20250403_101938,12155,NotFound,5.1
20250403_101943,12157,NotFound,7.6
20250403_101945,12159,NotFound,5.6
20250403_102000,12163,NotFound,7.0
20250403_102005,12150,NotFound,6.3
20250403_102011,12169,NotFound,5.8
20250403_102209,12174,NotFound,5.6
20250403_102221,12182,NotFound,6.1
20250403_102225,12183,NotFound,6.9
20250403_102242,12184,NotFound,6.3
20250403_102316,12188,NotFound,5.5
20250403_102357,12191,NotFound,6.5
20250403_102520,12196,NotFound,5.2
20250403_102551,12197,NotFound,6.0
20250403_102554,12201,NotFound,5.6
20250403_102602,12206,NotFound,7.3
20250403_102618,12208,NotFound,6.5
20250403_102915,12230,NotFound,5.0
20250403_102945,12232,NotFound,6.1
20250403_103122,12245,NotFound,7.2
20250403_103149,12247,NotFound,8.2
20250403_103151,12246,NotFound,6.3
20250403_103345,12261,NotFound,6.9
20250403_103406,12263,NotFound,5.7
20250403_103425,12264,NotFound,6.4
20250403_103455,12268,NotFound,6.1
20250403_103502,12272,NotFound,5.7
20250403_103509,12273,NotFound,6.2
20250403_103619,12276,NotFound,5.5
20250403_103639,12281,NotFound,5.9
20250403_103750,12291,NotFound,5.8
20250403_103909,12299,NotFound,5.4
20250403_103917,12301,NotFound,5.9
20250403_103944,12303,NotFound,6.3
20250403_104020,12317,NotFound,6.7
20250403_104048,12322,NotFound,6.0
20250403_104236,12329,NotFound,5.6
20250403_104334,12331,NotFound,5.9
20250403_104408,12332,NotFound,6.1
20250403_104417,12341,NotFound,5.9
20250403_104419,12338,NotFound,5.7
20250403_104435,12344,NotFound,5.3
20250403_104520,12354,NotFound,5.4
20250403_104526,12355,NotFound,6.2
20250403_104624,12366,NotFound,5.3
20250403_104632,12367,NotFound,5.8
20250403_104712,12370,NotFound,5.6
20250403_104831,12381,NotFound,6.0
20250403_104844,12382,NotFound,5.2
20250403_104905,12383,NotFound,6.2
20250403_104919,12388,NotFound,5.6
20250403_104928,12391,NotFound,6.4
20250403_105120,12396,NotFound,7.5
20250403_105127,12398,NotFound,5.7
20250403_105423,12408,NotFound,5.4
20250403_105509,12412,NotFound,7.6
20250403_105758,12426,NotFound,6.1
20250403_110017,12439,NotFound,5.1
20250403_110018,12440,NotFound,7.6
20250403_110358,12480,NotFound,6.8
20250403_110523,12485,NotFound,5.7
20250403_110526,12487,NotFound,6.1
20250403_110729,12500,NotFound,6.3
20250403_110756,12502,NotFound,5.3
20250403_110804,12503,NotFound,7.0
20250403_110911,12507,NotFound,6.2
20250403_110945,12515,NotFound,6.1
20250403_111039,12518,NotFound,5.8
20250403_111145,12522,NotFound,6.4
20250403_111422,12531,NotFound,9.2
20250403_111441,12526,NotFound,5.4
